CREATE TABLE IF NOT EXISTS "auth_group" ("id" integer NOT NULL PRIMARY KEY AUTOINCREMENT, "name" varchar(150) NOT NULL UNIQUE);
CREATE UNIQUE INDEX "auth_group_permissions_group_id_permission_id_0cd325b0_uniq" ON "auth_group_permissions" ("group_id", "permission_id");
CREATE INDEX IF NOT EXISTS "auth_group_permissions_group_id_b120cbf9" ON "auth_group_permissions" ("group_id");
CREATE INDEX IF NOT EXISTS "auth_group_permissions_permission_id_84c5c92e" ON "auth_group_permissions" ("permission_id");
CREATE UNIQUE INDEX "auth_user_groups_user_id_group_id_94350c0c_uniq" ON "auth_user_groups" ("user_id", "group_id");
CREATE INDEX IF NOT EXISTS "auth_user_groups_user_id_6a12ed8b" ON "auth_user_groups" ("user_id");
CREATE INDEX IF NOT EXISTS "auth_user_groups_group_id_97559544" ON "auth_user_groups" ("group_id");
CREATE UNIQUE INDEX "auth_user_user_permissions_user_id_permission_id_14a6b632_uniq" ON "auth_user_user_permissions" ("user_id", "permission_id");
CREATE INDEX IF NOT EXISTS "auth_user_user_permissions_user_id_a95ead1b" ON "auth_user_user_permissions" ("user_id");
CREATE INDEX IF NOT EXISTS "auth_user_user_permissions_permission_id_1fbb5f2c" ON "auth_user_user_permissions" ("permission_id");
CREATE INDEX IF NOT EXISTS "django_admin_log_content_type_id_c4bce8eb" ON "django_admin_log" ("content_type_id");
CREATE INDEX IF NOT EXISTS "django_admin_log_user_id_c564eba6" ON "django_admin_log" ("user_id");
CREATE UNIQUE INDEX "django_content_type_app_label_model_76bd3d3b_uniq" ON "django_content_type" ("app_label", "model");
CREATE UNIQUE INDEX "auth_permission_content_type_id_codename_01ab375a_uniq" ON "auth_permission" ("content_type_id", "codename");
CREATE INDEX IF NOT EXISTS "auth_permission_content_type_id_2f476e4b" ON "auth_permission" ("content_type_id");
CREATE INDEX IF NOT EXISTS "django_session_expire_date_a5c62663" ON "django_session" ("expire_date");
CREATE INDEX IF NOT EXISTS "website_quiz_course_id_e20b28b8" ON "website_quiz" ("course_id");
CREATE INDEX IF NOT EXISTS "website_question_quiz_id_fe97b76a" ON "website_question" ("quiz_id");
CREATE INDEX IF NOT EXISTS "website_choice_question_id_76086f40" ON "website_choice" ("question_id");
CREATE INDEX IF NOT EXISTS "website_sub_category_category_id_4a80f845" ON "website_sub_category" ("category_id");
CREATE INDEX IF NOT EXISTS "quiz_quesmodel_course_subtitle_id_78319d33" ON "quiz_quesmodel" ("course_subtitle_id");
CREATE INDEX IF NOT EXISTS "website_subject_course_id_07af432f" ON "website_subject" ("course_id");
CREATE INDEX IF NOT EXISTS "website_category_subject_id_4b9afb90" ON "website_category" ("subject_id");
CREATE TABLE IF NOT EXISTS "auth_group_permissions" ("id" integer NOT NULL PRIMARY KEY AUTOINCREMENT, "group_id" integer NOT NULL REFERENCES "auth_group" ("id") DEFERRABLE INITIALLY DEFERRED, "permission_id" integer NOT NULL REFERENCES "auth_permission" ("id") DEFERRABLE INITIALLY DEFERRED);
CREATE UNIQUE INDEX "auth_group_permissions_group_id_permission_id_0cd325b0_uniq" ON "auth_group_permissions" ("group_id", "permission_id");
CREATE INDEX IF NOT EXISTS "auth_group_permissions_group_id_b120cbf9" ON "auth_group_permissions" ("group_id");
CREATE INDEX IF NOT EXISTS "auth_group_permissions_permission_id_84c5c92e" ON "auth_group_permissions" ("permission_id");
CREATE UNIQUE INDEX "auth_user_groups_user_id_group_id_94350c0c_uniq" ON "auth_user_groups" ("user_id", "group_id");
CREATE INDEX IF NOT EXISTS "auth_user_groups_user_id_6a12ed8b" ON "auth_user_groups" ("user_id");
CREATE INDEX IF NOT EXISTS "auth_user_groups_group_id_97559544" ON "auth_user_groups" ("group_id");
CREATE UNIQUE INDEX "auth_user_user_permissions_user_id_permission_id_14a6b632_uniq" ON "auth_user_user_permissions" ("user_id", "permission_id");
CREATE INDEX IF NOT EXISTS "auth_user_user_permissions_user_id_a95ead1b" ON "auth_user_user_permissions" ("user_id");
CREATE INDEX IF NOT EXISTS "auth_user_user_permissions_permission_id_1fbb5f2c" ON "auth_user_user_permissions" ("permission_id");
CREATE INDEX IF NOT EXISTS "django_admin_log_content_type_id_c4bce8eb" ON "django_admin_log" ("content_type_id");
CREATE INDEX IF NOT EXISTS "django_admin_log_user_id_c564eba6" ON "django_admin_log" ("user_id");
CREATE UNIQUE INDEX "django_content_type_app_label_model_76bd3d3b_uniq" ON "django_content_type" ("app_label", "model");
CREATE UNIQUE INDEX "auth_permission_content_type_id_codename_01ab375a_uniq" ON "auth_permission" ("content_type_id", "codename");
CREATE INDEX IF NOT EXISTS "auth_permission_content_type_id_2f476e4b" ON "auth_permission" ("content_type_id");
CREATE INDEX IF NOT EXISTS "django_session_expire_date_a5c62663" ON "django_session" ("expire_date");
CREATE INDEX IF NOT EXISTS "website_quiz_course_id_e20b28b8" ON "website_quiz" ("course_id");
CREATE INDEX IF NOT EXISTS "website_question_quiz_id_fe97b76a" ON "website_question" ("quiz_id");
CREATE INDEX IF NOT EXISTS "website_choice_question_id_76086f40" ON "website_choice" ("question_id");
CREATE INDEX IF NOT EXISTS "website_sub_category_category_id_4a80f845" ON "website_sub_category" ("category_id");
CREATE INDEX IF NOT EXISTS "quiz_quesmodel_course_subtitle_id_78319d33" ON "quiz_quesmodel" ("course_subtitle_id");
CREATE INDEX IF NOT EXISTS "website_subject_course_id_07af432f" ON "website_subject" ("course_id");
CREATE INDEX IF NOT EXISTS "website_category_subject_id_4b9afb90" ON "website_category" ("subject_id");
CREATE TABLE IF NOT EXISTS "auth_permission" ("id" integer NOT NULL PRIMARY KEY AUTOINCREMENT, "content_type_id" integer NOT NULL REFERENCES "django_content_type" ("id") DEFERRABLE INITIALLY DEFERRED, "codename" varchar(100) NOT NULL, "name" varchar(255) NOT NULL);
INSERT INTO "auth_permission" VALUES(1,1,'add_logentry','Can add log entry');
INSERT INTO "auth_permission" VALUES(2,1,'change_logentry','Can change log entry');
INSERT INTO "auth_permission" VALUES(3,1,'delete_logentry','Can delete log entry');
INSERT INTO "auth_permission" VALUES(4,1,'view_logentry','Can view log entry');
INSERT INTO "auth_permission" VALUES(5,2,'add_permission','Can add permission');
INSERT INTO "auth_permission" VALUES(6,2,'change_permission','Can change permission');
INSERT INTO "auth_permission" VALUES(7,2,'delete_permission','Can delete permission');
INSERT INTO "auth_permission" VALUES(8,2,'view_permission','Can view permission');
INSERT INTO "auth_permission" VALUES(9,3,'add_group','Can add group');
INSERT INTO "auth_permission" VALUES(10,3,'change_group','Can change group');
INSERT INTO "auth_permission" VALUES(11,3,'delete_group','Can delete group');
INSERT INTO "auth_permission" VALUES(12,3,'view_group','Can view group');
INSERT INTO "auth_permission" VALUES(13,4,'add_user','Can add user');
INSERT INTO "auth_permission" VALUES(14,4,'change_user','Can change user');
INSERT INTO "auth_permission" VALUES(15,4,'delete_user','Can delete user');
INSERT INTO "auth_permission" VALUES(16,4,'view_user','Can view user');
INSERT INTO "auth_permission" VALUES(17,5,'add_contenttype','Can add content type');
INSERT INTO "auth_permission" VALUES(18,5,'change_contenttype','Can change content type');
INSERT INTO "auth_permission" VALUES(19,5,'delete_contenttype','Can delete content type');
INSERT INTO "auth_permission" VALUES(20,5,'view_contenttype','Can view content type');
INSERT INTO "auth_permission" VALUES(21,6,'add_session','Can add session');
INSERT INTO "auth_permission" VALUES(22,6,'change_session','Can change session');
INSERT INTO "auth_permission" VALUES(23,6,'delete_session','Can delete session');
INSERT INTO "auth_permission" VALUES(24,6,'view_session','Can view session');
INSERT INTO "auth_permission" VALUES(25,7,'add_sub_category','Can add sub_ category');
INSERT INTO "auth_permission" VALUES(26,7,'change_sub_category','Can change sub_ category');
INSERT INTO "auth_permission" VALUES(27,7,'delete_sub_category','Can delete sub_ category');
INSERT INTO "auth_permission" VALUES(28,7,'view_sub_category','Can view sub_ category');
INSERT INTO "auth_permission" VALUES(29,8,'add_quiz','Can add quiz');
INSERT INTO "auth_permission" VALUES(30,8,'change_quiz','Can change quiz');
INSERT INTO "auth_permission" VALUES(31,8,'delete_quiz','Can delete quiz');
INSERT INTO "auth_permission" VALUES(32,8,'view_quiz','Can view quiz');
INSERT INTO "auth_permission" VALUES(33,9,'add_category','Can add category');
INSERT INTO "auth_permission" VALUES(34,9,'change_category','Can change category');
INSERT INTO "auth_permission" VALUES(35,9,'delete_category','Can delete category');
INSERT INTO "auth_permission" VALUES(36,9,'view_category','Can view category');
INSERT INTO "auth_permission" VALUES(37,10,'add_choice','Can add choice');
INSERT INTO "auth_permission" VALUES(38,10,'change_choice','Can change choice');
INSERT INTO "auth_permission" VALUES(39,10,'delete_choice','Can delete choice');
INSERT INTO "auth_permission" VALUES(40,10,'view_choice','Can view choice');
INSERT INTO "auth_permission" VALUES(41,11,'add_course','Can add course');
INSERT INTO "auth_permission" VALUES(42,11,'change_course','Can change course');
INSERT INTO "auth_permission" VALUES(43,11,'delete_course','Can delete course');
INSERT INTO "auth_permission" VALUES(44,11,'view_course','Can view course');
INSERT INTO "auth_permission" VALUES(45,12,'add_question','Can add question');
INSERT INTO "auth_permission" VALUES(46,12,'change_question','Can change question');
INSERT INTO "auth_permission" VALUES(47,12,'delete_question','Can delete question');
INSERT INTO "auth_permission" VALUES(48,12,'view_question','Can view question');
INSERT INTO "auth_permission" VALUES(49,13,'add_attachment','Can add attachment');
INSERT INTO "auth_permission" VALUES(50,13,'change_attachment','Can change attachment');
INSERT INTO "auth_permission" VALUES(51,13,'delete_attachment','Can delete attachment');
INSERT INTO "auth_permission" VALUES(52,13,'view_attachment','Can view attachment');
INSERT INTO "auth_permission" VALUES(53,14,'add_quesmodel','Can add ques model');
INSERT INTO "auth_permission" VALUES(54,14,'change_quesmodel','Can change ques model');
INSERT INTO "auth_permission" VALUES(55,14,'delete_quesmodel','Can delete ques model');
INSERT INTO "auth_permission" VALUES(56,14,'view_quesmodel','Can view ques model');
INSERT INTO "auth_permission" VALUES(57,15,'add_subject','Can add subject');
INSERT INTO "auth_permission" VALUES(58,15,'change_subject','Can change subject');
INSERT INTO "auth_permission" VALUES(59,15,'delete_subject','Can delete subject');
INSERT INTO "auth_permission" VALUES(60,15,'view_subject','Can view subject');
CREATE UNIQUE INDEX "auth_group_permissions_group_id_permission_id_0cd325b0_uniq" ON "auth_group_permissions" ("group_id", "permission_id");
CREATE INDEX IF NOT EXISTS "auth_group_permissions_group_id_b120cbf9" ON "auth_group_permissions" ("group_id");
CREATE INDEX IF NOT EXISTS "auth_group_permissions_permission_id_84c5c92e" ON "auth_group_permissions" ("permission_id");
CREATE UNIQUE INDEX "auth_user_groups_user_id_group_id_94350c0c_uniq" ON "auth_user_groups" ("user_id", "group_id");
CREATE INDEX IF NOT EXISTS "auth_user_groups_user_id_6a12ed8b" ON "auth_user_groups" ("user_id");
CREATE INDEX IF NOT EXISTS "auth_user_groups_group_id_97559544" ON "auth_user_groups" ("group_id");
CREATE UNIQUE INDEX "auth_user_user_permissions_user_id_permission_id_14a6b632_uniq" ON "auth_user_user_permissions" ("user_id", "permission_id");
CREATE INDEX IF NOT EXISTS "auth_user_user_permissions_user_id_a95ead1b" ON "auth_user_user_permissions" ("user_id");
CREATE INDEX IF NOT EXISTS "auth_user_user_permissions_permission_id_1fbb5f2c" ON "auth_user_user_permissions" ("permission_id");
CREATE INDEX IF NOT EXISTS "django_admin_log_content_type_id_c4bce8eb" ON "django_admin_log" ("content_type_id");
CREATE INDEX IF NOT EXISTS "django_admin_log_user_id_c564eba6" ON "django_admin_log" ("user_id");
CREATE UNIQUE INDEX "django_content_type_app_label_model_76bd3d3b_uniq" ON "django_content_type" ("app_label", "model");
CREATE UNIQUE INDEX "auth_permission_content_type_id_codename_01ab375a_uniq" ON "auth_permission" ("content_type_id", "codename");
CREATE INDEX IF NOT EXISTS "auth_permission_content_type_id_2f476e4b" ON "auth_permission" ("content_type_id");
CREATE INDEX IF NOT EXISTS "django_session_expire_date_a5c62663" ON "django_session" ("expire_date");
CREATE INDEX IF NOT EXISTS "website_quiz_course_id_e20b28b8" ON "website_quiz" ("course_id");
CREATE INDEX IF NOT EXISTS "website_question_quiz_id_fe97b76a" ON "website_question" ("quiz_id");
CREATE INDEX IF NOT EXISTS "website_choice_question_id_76086f40" ON "website_choice" ("question_id");
CREATE INDEX IF NOT EXISTS "website_sub_category_category_id_4a80f845" ON "website_sub_category" ("category_id");
CREATE INDEX IF NOT EXISTS "quiz_quesmodel_course_subtitle_id_78319d33" ON "quiz_quesmodel" ("course_subtitle_id");
CREATE INDEX IF NOT EXISTS "website_subject_course_id_07af432f" ON "website_subject" ("course_id");
CREATE INDEX IF NOT EXISTS "website_category_subject_id_4b9afb90" ON "website_category" ("subject_id");
CREATE TABLE IF NOT EXISTS "auth_user" ("id" integer NOT NULL PRIMARY KEY AUTOINCREMENT, "password" varchar(128) NOT NULL, "last_login" datetime NULL, "is_superuser" bool NOT NULL, "username" varchar(150) NOT NULL UNIQUE, "last_name" varchar(150) NOT NULL, "email" varchar(254) NOT NULL, "is_staff" bool NOT NULL, "is_active" bool NOT NULL, "date_joined" datetime NOT NULL, "first_name" varchar(150) NOT NULL);
INSERT INTO "auth_user" VALUES(1,'pbkdf2_sha256$390000$ajkrSuFQSruqP52QV3HyBY$Tm8R4ucEoILIQMvmoDdQQL7llhU05XwTKtbM8uw/uGc=','2024-01-30 16:14:31.435485',1,'admin','','',1,1,'2023-12-21 16:12:30.733559','');
INSERT INTO "auth_user" VALUES(2,'pbkdf2_sha256$390000$iP6VcXG2NrFk0ZpGrksIxK$dMVGPXhtGNqHCe366uX33f6/bhOy0905VAb1E52p068=','2024-01-15 13:51:51.246005',0,'kkkk@gmail.com','kkkk@gmail.com','kkkk@gmail.com',0,1,'2024-01-15 13:51:50.802300','kkkk@gmail.com');
INSERT INTO "auth_user" VALUES(3,'admin',NULL,0,'admin@admin.com','last_name','admin@admin.com',0,1,'2024-01-15 14:36:40.623543','first_name');
INSERT INTO "auth_user" VALUES(4,'admin',NULL,0,'prakashthapa617@gmail.com','thapa','prakashthapa617@gmail.com',0,1,'2024-01-15 15:14:59.801577','prakash');
INSERT INTO "auth_user" VALUES(5,'admin',NULL,0,'admin@gmail.com','last_name','admin@gmail.com',0,1,'2024-01-15 15:16:45.143675','first_nameds');
INSERT INTO "auth_user" VALUES(6,'pbkdf2_sha256$390000$IBPIV9feeEjQL8ciJOLaKE$bUlx45NuiYayH6FjDaPccpkS4uUMkSlcpvFAs6qhrA4=','2024-01-28 14:06:09.139495',0,'admins@admin.com','last_name','admins@admin.com',0,1,'2024-01-15 15:19:13','prakash');
INSERT INTO "auth_user" VALUES(7,'pbkdf2_sha256$390000$0yIu28IefrjdxZF0Trsysb$8ESvUI5bs26hXnF4Zn4z6N8pMzjcZK83Iy/JkOdkGKM=',NULL,0,'','last_name','',0,1,'2024-01-15 16:47:12.501305','first_name');
INSERT INTO "auth_user" VALUES(8,'pbkdf2_sha256$390000$lFpmjWtj6BRFEOIkKO1vzG$Yncjb1VQp8BoD2eZ+2ep5G8uQxPF+K4ot4NqZtjU6u4=',NULL,0,'adddmins@admin.com',' dfasdf ','adddmins@admin.com',0,1,'2024-01-18 04:33:16.700308','dfsd');
CREATE UNIQUE INDEX "auth_group_permissions_group_id_permission_id_0cd325b0_uniq" ON "auth_group_permissions" ("group_id", "permission_id");
CREATE INDEX IF NOT EXISTS "auth_group_permissions_group_id_b120cbf9" ON "auth_group_permissions" ("group_id");
CREATE INDEX IF NOT EXISTS "auth_group_permissions_permission_id_84c5c92e" ON "auth_group_permissions" ("permission_id");
CREATE UNIQUE INDEX "auth_user_groups_user_id_group_id_94350c0c_uniq" ON "auth_user_groups" ("user_id", "group_id");
CREATE INDEX IF NOT EXISTS "auth_user_groups_user_id_6a12ed8b" ON "auth_user_groups" ("user_id");
CREATE INDEX IF NOT EXISTS "auth_user_groups_group_id_97559544" ON "auth_user_groups" ("group_id");
CREATE UNIQUE INDEX "auth_user_user_permissions_user_id_permission_id_14a6b632_uniq" ON "auth_user_user_permissions" ("user_id", "permission_id");
CREATE INDEX IF NOT EXISTS "auth_user_user_permissions_user_id_a95ead1b" ON "auth_user_user_permissions" ("user_id");
CREATE INDEX IF NOT EXISTS "auth_user_user_permissions_permission_id_1fbb5f2c" ON "auth_user_user_permissions" ("permission_id");
CREATE INDEX IF NOT EXISTS "django_admin_log_content_type_id_c4bce8eb" ON "django_admin_log" ("content_type_id");
CREATE INDEX IF NOT EXISTS "django_admin_log_user_id_c564eba6" ON "django_admin_log" ("user_id");
CREATE UNIQUE INDEX "django_content_type_app_label_model_76bd3d3b_uniq" ON "django_content_type" ("app_label", "model");
CREATE UNIQUE INDEX "auth_permission_content_type_id_codename_01ab375a_uniq" ON "auth_permission" ("content_type_id", "codename");
CREATE INDEX IF NOT EXISTS "auth_permission_content_type_id_2f476e4b" ON "auth_permission" ("content_type_id");
CREATE INDEX IF NOT EXISTS "django_session_expire_date_a5c62663" ON "django_session" ("expire_date");
CREATE INDEX IF NOT EXISTS "website_quiz_course_id_e20b28b8" ON "website_quiz" ("course_id");
CREATE INDEX IF NOT EXISTS "website_question_quiz_id_fe97b76a" ON "website_question" ("quiz_id");
CREATE INDEX IF NOT EXISTS "website_choice_question_id_76086f40" ON "website_choice" ("question_id");
CREATE INDEX IF NOT EXISTS "website_sub_category_category_id_4a80f845" ON "website_sub_category" ("category_id");
CREATE INDEX IF NOT EXISTS "quiz_quesmodel_course_subtitle_id_78319d33" ON "quiz_quesmodel" ("course_subtitle_id");
CREATE INDEX IF NOT EXISTS "website_subject_course_id_07af432f" ON "website_subject" ("course_id");
CREATE INDEX IF NOT EXISTS "website_category_subject_id_4b9afb90" ON "website_category" ("subject_id");
CREATE TABLE IF NOT EXISTS "auth_user_groups" ("id" integer NOT NULL PRIMARY KEY AUTOINCREMENT, "user_id" integer NOT NULL REFERENCES "auth_user" ("id") DEFERRABLE INITIALLY DEFERRED, "group_id" integer NOT NULL REFERENCES "auth_group" ("id") DEFERRABLE INITIALLY DEFERRED);
CREATE UNIQUE INDEX "auth_group_permissions_group_id_permission_id_0cd325b0_uniq" ON "auth_group_permissions" ("group_id", "permission_id");
CREATE INDEX IF NOT EXISTS "auth_group_permissions_group_id_b120cbf9" ON "auth_group_permissions" ("group_id");
CREATE INDEX IF NOT EXISTS "auth_group_permissions_permission_id_84c5c92e" ON "auth_group_permissions" ("permission_id");
CREATE UNIQUE INDEX "auth_user_groups_user_id_group_id_94350c0c_uniq" ON "auth_user_groups" ("user_id", "group_id");
CREATE INDEX IF NOT EXISTS "auth_user_groups_user_id_6a12ed8b" ON "auth_user_groups" ("user_id");
CREATE INDEX IF NOT EXISTS "auth_user_groups_group_id_97559544" ON "auth_user_groups" ("group_id");
CREATE UNIQUE INDEX "auth_user_user_permissions_user_id_permission_id_14a6b632_uniq" ON "auth_user_user_permissions" ("user_id", "permission_id");
CREATE INDEX IF NOT EXISTS "auth_user_user_permissions_user_id_a95ead1b" ON "auth_user_user_permissions" ("user_id");
CREATE INDEX IF NOT EXISTS "auth_user_user_permissions_permission_id_1fbb5f2c" ON "auth_user_user_permissions" ("permission_id");
CREATE INDEX IF NOT EXISTS "django_admin_log_content_type_id_c4bce8eb" ON "django_admin_log" ("content_type_id");
CREATE INDEX IF NOT EXISTS "django_admin_log_user_id_c564eba6" ON "django_admin_log" ("user_id");
CREATE UNIQUE INDEX "django_content_type_app_label_model_76bd3d3b_uniq" ON "django_content_type" ("app_label", "model");
CREATE UNIQUE INDEX "auth_permission_content_type_id_codename_01ab375a_uniq" ON "auth_permission" ("content_type_id", "codename");
CREATE INDEX IF NOT EXISTS "auth_permission_content_type_id_2f476e4b" ON "auth_permission" ("content_type_id");
CREATE INDEX IF NOT EXISTS "django_session_expire_date_a5c62663" ON "django_session" ("expire_date");
CREATE INDEX IF NOT EXISTS "website_quiz_course_id_e20b28b8" ON "website_quiz" ("course_id");
CREATE INDEX IF NOT EXISTS "website_question_quiz_id_fe97b76a" ON "website_question" ("quiz_id");
CREATE INDEX IF NOT EXISTS "website_choice_question_id_76086f40" ON "website_choice" ("question_id");
CREATE INDEX IF NOT EXISTS "website_sub_category_category_id_4a80f845" ON "website_sub_category" ("category_id");
CREATE INDEX IF NOT EXISTS "quiz_quesmodel_course_subtitle_id_78319d33" ON "quiz_quesmodel" ("course_subtitle_id");
CREATE INDEX IF NOT EXISTS "website_subject_course_id_07af432f" ON "website_subject" ("course_id");
CREATE INDEX IF NOT EXISTS "website_category_subject_id_4b9afb90" ON "website_category" ("subject_id");
CREATE TABLE IF NOT EXISTS "auth_user_user_permissions" ("id" integer NOT NULL PRIMARY KEY AUTOINCREMENT, "user_id" integer NOT NULL REFERENCES "auth_user" ("id") DEFERRABLE INITIALLY DEFERRED, "permission_id" integer NOT NULL REFERENCES "auth_permission" ("id") DEFERRABLE INITIALLY DEFERRED);
CREATE UNIQUE INDEX "auth_group_permissions_group_id_permission_id_0cd325b0_uniq" ON "auth_group_permissions" ("group_id", "permission_id");
CREATE INDEX IF NOT EXISTS "auth_group_permissions_group_id_b120cbf9" ON "auth_group_permissions" ("group_id");
CREATE INDEX IF NOT EXISTS "auth_group_permissions_permission_id_84c5c92e" ON "auth_group_permissions" ("permission_id");
CREATE UNIQUE INDEX "auth_user_groups_user_id_group_id_94350c0c_uniq" ON "auth_user_groups" ("user_id", "group_id");
CREATE INDEX IF NOT EXISTS "auth_user_groups_user_id_6a12ed8b" ON "auth_user_groups" ("user_id");
CREATE INDEX IF NOT EXISTS "auth_user_groups_group_id_97559544" ON "auth_user_groups" ("group_id");
CREATE UNIQUE INDEX "auth_user_user_permissions_user_id_permission_id_14a6b632_uniq" ON "auth_user_user_permissions" ("user_id", "permission_id");
CREATE INDEX IF NOT EXISTS "auth_user_user_permissions_user_id_a95ead1b" ON "auth_user_user_permissions" ("user_id");
CREATE INDEX IF NOT EXISTS "auth_user_user_permissions_permission_id_1fbb5f2c" ON "auth_user_user_permissions" ("permission_id");
CREATE INDEX IF NOT EXISTS "django_admin_log_content_type_id_c4bce8eb" ON "django_admin_log" ("content_type_id");
CREATE INDEX IF NOT EXISTS "django_admin_log_user_id_c564eba6" ON "django_admin_log" ("user_id");
CREATE UNIQUE INDEX "django_content_type_app_label_model_76bd3d3b_uniq" ON "django_content_type" ("app_label", "model");
CREATE UNIQUE INDEX "auth_permission_content_type_id_codename_01ab375a_uniq" ON "auth_permission" ("content_type_id", "codename");
CREATE INDEX IF NOT EXISTS "auth_permission_content_type_id_2f476e4b" ON "auth_permission" ("content_type_id");
CREATE INDEX IF NOT EXISTS "django_session_expire_date_a5c62663" ON "django_session" ("expire_date");
CREATE INDEX IF NOT EXISTS "website_quiz_course_id_e20b28b8" ON "website_quiz" ("course_id");
CREATE INDEX IF NOT EXISTS "website_question_quiz_id_fe97b76a" ON "website_question" ("quiz_id");
CREATE INDEX IF NOT EXISTS "website_choice_question_id_76086f40" ON "website_choice" ("question_id");
CREATE INDEX IF NOT EXISTS "website_sub_category_category_id_4a80f845" ON "website_sub_category" ("category_id");
CREATE INDEX IF NOT EXISTS "quiz_quesmodel_course_subtitle_id_78319d33" ON "quiz_quesmodel" ("course_subtitle_id");
CREATE INDEX IF NOT EXISTS "website_subject_course_id_07af432f" ON "website_subject" ("course_id");
CREATE INDEX IF NOT EXISTS "website_category_subject_id_4b9afb90" ON "website_category" ("subject_id");
CREATE TABLE IF NOT EXISTS "django_admin_log" ("id" integer NOT NULL PRIMARY KEY AUTOINCREMENT, "object_id" text NULL, "object_repr" varchar(200) NOT NULL, "action_flag" smallint unsigned NOT NULL CHECK ("action_flag" >= 0), "change_message" text NOT NULL, "content_type_id" integer NULL REFERENCES "django_content_type" ("id") DEFERRABLE INITIALLY DEFERRED, "user_id" integer NOT NULL REFERENCES "auth_user" ("id") DEFERRABLE INITIALLY DEFERRED, "action_time" datetime NOT NULL);
INSERT INTO "django_admin_log" VALUES(1,'1','nec',1,'[{"added": {}}]',11,1,'2023-12-27 16:37:17.641265');
INSERT INTO "django_admin_log" VALUES(2,'1','1',1,'[{"added": {}}]',9,1,'2023-12-27 16:37:31.718500');
INSERT INTO "django_admin_log" VALUES(3,'2','2',1,'[{"added": {}}]',9,1,'2023-12-27 16:37:40.596795');
INSERT INTO "django_admin_log" VALUES(4,'3','3',1,'[{"added": {}}]',9,1,'2023-12-27 16:37:45.048365');
INSERT INTO "django_admin_log" VALUES(5,'1','1.1 Basic concept',1,'[{"added": {}}]',7,1,'2023-12-27 16:38:54.219835');
INSERT INTO "django_admin_log" VALUES(6,'2','1.2 Network theorems:',1,'[{"added": {}}]',7,1,'2023-12-27 16:39:27.215502');
INSERT INTO "django_admin_log" VALUES(7,'1','this is quiz 1.',1,'[{"added": {}}]',8,1,'2023-12-27 16:40:28.682633');
INSERT INTO "django_admin_log" VALUES(8,'1','model 1',2,'[{"changed": {"fields": ["Title"]}}]',8,1,'2023-12-27 16:41:00.448981');
INSERT INTO "django_admin_log" VALUES(9,'1','this is  model one questions?',1,'[{"added": {}}]',12,1,'2023-12-27 16:41:24.461005');
INSERT INTO "django_admin_log" VALUES(10,'2','This is model 2 questions?',1,'[{"added": {}}]',12,1,'2023-12-27 16:41:44.121852');
INSERT INTO "django_admin_log" VALUES(11,'1','option 1',1,'[{"added": {}}]',10,1,'2023-12-27 16:42:09.839736');
INSERT INTO "django_admin_log" VALUES(12,'2','option 2 is correct',1,'[{"added": {}}]',10,1,'2023-12-27 16:42:48.919359');
INSERT INTO "django_admin_log" VALUES(13,'3','option 3',1,'[{"added": {}}]',10,1,'2023-12-27 16:42:59.518701');
INSERT INTO "django_admin_log" VALUES(14,'4','option 4',1,'[{"added": {}}]',10,1,'2023-12-27 16:43:09.955039');
INSERT INTO "django_admin_log" VALUES(15,'2','Class 8',1,'[{"added": {}}]',11,1,'2023-12-27 16:44:20.370639');
INSERT INTO "django_admin_log" VALUES(16,'1','Nec',2,'[{"changed": {"fields": ["Name"]}}]',11,1,'2023-12-27 16:44:28.479246');
INSERT INTO "django_admin_log" VALUES(17,'2','This is model 2 questions?',2,'[]',12,1,'2023-12-27 16:44:48.980481');
INSERT INTO "django_admin_log" VALUES(18,'3','this third',1,'[{"added": {}}]',7,1,'2023-12-29 16:59:21.638387');
INSERT INTO "django_admin_log" VALUES(19,'4','dfsdkhfsadhf',1,'[{"added": {}}]',7,1,'2023-12-30 09:21:02.927905');
INSERT INTO "django_admin_log" VALUES(20,'4','dfsdkhfsadhf',2,'[{"changed": {"fields": ["Category"]}}]',7,1,'2023-12-30 09:21:50.411876');
INSERT INTO "django_admin_log" VALUES(21,'1','1.1 Basic concept',2,'[{"changed": {"fields": ["Details"]}}]',7,1,'2023-12-30 10:18:50.510590');
INSERT INTO "django_admin_log" VALUES(22,'1','1. Concept of Basic Electrical and Electronics Engineering',2,'[{"changed": {"fields": ["Name"]}}]',9,1,'2024-01-06 05:30:01.117206');
INSERT INTO "django_admin_log" VALUES(23,'2','2. Digital Logic and Microprocessor',2,'[{"changed": {"fields": ["Name"]}}]',9,1,'2024-01-06 05:30:24.723905');
INSERT INTO "django_admin_log" VALUES(24,'3','3. Programming Language and Its Applications (ACtE03)',2,'[{"changed": {"fields": ["Name"]}}]',9,1,'2024-01-06 05:30:49.532490');
INSERT INTO "django_admin_log" VALUES(25,'4','4. Computer Organization and Embedded System (ACtE04)',1,'[{"added": {}}]',9,1,'2024-01-06 05:31:22.482991');
INSERT INTO "django_admin_log" VALUES(26,'5','5. Concept of Computer Network and Network Security System',1,'[{"added": {}}]',9,1,'2024-01-06 05:31:46.725101');
INSERT INTO "django_admin_log" VALUES(27,'6','6. Theory of Computation and Computer Graphics',1,'[{"added": {}}]',9,1,'2024-01-06 05:32:00.863859');
INSERT INTO "django_admin_log" VALUES(28,'7','7. Data Structures and Algorithm, Database System and Operating System',1,'[{"added": {}}]',9,1,'2024-01-06 05:32:13.259454');
INSERT INTO "django_admin_log" VALUES(29,'8','8. Software Engineering and Object-Oriented Analysis & Design',1,'[{"added": {}}]',9,1,'2024-01-06 05:32:28.253065');
INSERT INTO "django_admin_log" VALUES(30,'9','9. Artificial Intelligence and Neural Networks',1,'[{"added": {}}]',9,1,'2024-01-06 05:32:42.010759');
INSERT INTO "django_admin_log" VALUES(31,'10','10. Project Planning, Design and Implementation',1,'[{"added": {}}]',9,1,'2024-01-06 05:32:55.911850');
INSERT INTO "django_admin_log" VALUES(32,'2','1.2 Network theorems',2,'[{"changed": {"fields": ["Name"]}}]',7,1,'2024-01-06 05:36:12.350068');
INSERT INTO "django_admin_log" VALUES(33,'1','1.1 Basic concept',2,'[]',7,1,'2024-01-06 05:36:40.240028');
INSERT INTO "django_admin_log" VALUES(34,'2','1.2 Network theorems:',2,'[{"changed": {"fields": ["Category", "Name"]}}]',7,1,'2024-01-06 05:37:33.909296');
INSERT INTO "django_admin_log" VALUES(35,'3','1.3 Alternating current fundamentals',2,'[{"changed": {"fields": ["Category", "Name"]}}]',7,1,'2024-01-06 05:38:20.766909');
INSERT INTO "django_admin_log" VALUES(36,'4','dfsdkhfsadhf',3,'',7,1,'2024-01-06 05:43:23.166422');
INSERT INTO "django_admin_log" VALUES(37,'3','1.3 Alternating current fundamentals',3,'',7,1,'2024-01-06 05:43:23.177916');
INSERT INTO "django_admin_log" VALUES(38,'2','1.2 Network theorems:',3,'',7,1,'2024-01-06 05:43:23.188531');
INSERT INTO "django_admin_log" VALUES(39,'1','1.1 Basic concept',3,'',7,1,'2024-01-06 05:43:23.199173');
INSERT INTO "django_admin_log" VALUES(40,'10','10. Project Planning, Design and Implementation',2,'[]',9,1,'2024-01-06 13:18:58.665743');
INSERT INTO "django_admin_log" VALUES(41,'64','10.6 Engineering Regulatory Body',3,'',7,1,'2024-01-06 13:31:07.067281');
INSERT INTO "django_admin_log" VALUES(42,'63','10.5 Engineering professional practice',3,'',7,1,'2024-01-06 13:31:07.076065');
INSERT INTO "django_admin_log" VALUES(43,'62','10.4 Project management',3,'',7,1,'2024-01-06 13:31:07.083763');
INSERT INTO "django_admin_log" VALUES(44,'61','10.3 Project planning and scheduling',3,'',7,1,'2024-01-06 13:31:07.091834');
INSERT INTO "django_admin_log" VALUES(45,'60','10.2 Engineering Economics',3,'',7,1,'2024-01-06 13:31:07.099398');
INSERT INTO "django_admin_log" VALUES(46,'59','10.1 Engineering drawings and its concepts',3,'',7,1,'2024-01-06 13:31:07.107063');
INSERT INTO "django_admin_log" VALUES(47,'58','9.6  Neural networks',3,'',7,1,'2024-01-06 13:31:07.114614');
INSERT INTO "django_admin_log" VALUES(48,'57','9.5 Machine learning',3,'',7,1,'2024-01-06 13:31:07.125586');
INSERT INTO "django_admin_log" VALUES(49,'56','9.4 Expert system and natural language processing',3,'',7,1,'2024-01-06 13:31:07.133219');
INSERT INTO "django_admin_log" VALUES(50,'55','9.3 Knowledge representation',3,'',7,1,'2024-01-06 13:31:07.141023');
INSERT INTO "django_admin_log" VALUES(51,'54','9.2 Problem solving and searching techniques',3,'',7,1,'2024-01-06 13:31:07.150599');
INSERT INTO "django_admin_log" VALUES(52,'53','9.1 Introduction to AI and intelligent agent',3,'',7,1,'2024-01-06 13:31:07.158604');
INSERT INTO "django_admin_log" VALUES(53,'52','8.6 Object-oriented design implementation',3,'',7,1,'2024-01-06 13:31:07.166221');
INSERT INTO "django_admin_log" VALUES(54,'51','8.5 Object-oriented design',3,'',7,1,'2024-01-06 13:31:07.174057');
INSERT INTO "django_admin_log" VALUES(55,'50','8.4 Object-oriented fundamentals and analysis',3,'',7,1,'2024-01-06 13:31:07.181620');
INSERT INTO "django_admin_log" VALUES(56,'49','8.3 Software testing, cost estimation, quality management, and configuration management',3,'',7,1,'2024-01-06 13:31:07.189254');
INSERT INTO "django_admin_log" VALUES(57,'48','8.2 Software design',3,'',7,1,'2024-01-06 13:31:07.196896');
INSERT INTO "django_admin_log" VALUES(58,'47','8.1 Software process and requirements',3,'',7,1,'2024-01-06 13:31:07.207101');
INSERT INTO "django_admin_log" VALUES(59,'46','7.6 Memory management, file systems and system administration',3,'',7,1,'2024-01-06 13:31:07.214877');
INSERT INTO "django_admin_log" VALUES(60,'45','7.5 Introduction to Operating System and process management',3,'',7,1,'2024-01-06 13:31:07.222477');
INSERT INTO "django_admin_log" VALUES(61,'44','7.4 Transaction processing, concurrency control and crash recovery',3,'',7,1,'2024-01-06 13:31:07.230142');
INSERT INTO "django_admin_log" VALUES(62,'43','7.3 Introduction to data models, normalization, and SQL',3,'',7,1,'2024-01-06 13:31:07.237903');
INSERT INTO "django_admin_log" VALUES(63,'42','7.2 Sorting, searching, and graphs',3,'',7,1,'2024-01-06 13:31:07.245561');
INSERT INTO "django_admin_log" VALUES(64,'41','7.1 Introduction to data structure, list, linked lists and trees',3,'',7,1,'2024-01-06 13:31:07.253279');
INSERT INTO "django_admin_log" VALUES(65,'40','6.6 Three-dimensional transformation',3,'',7,1,'2024-01-06 13:31:07.260866');
INSERT INTO "django_admin_log" VALUES(66,'39','6.5 Two-dimensional transformation',3,'',7,1,'2024-01-06 13:31:07.268283');
INSERT INTO "django_admin_log" VALUES(67,'38','6.4 Introduction of computer graphics',3,'',7,1,'2024-01-06 13:31:07.275719');
INSERT INTO "django_admin_log" VALUES(68,'37','6.3 Turing machine',3,'',7,1,'2024-01-06 13:31:07.283106');
INSERT INTO "django_admin_log" VALUES(69,'36','6.2 Introduction to context free language',3,'',7,1,'2024-01-06 13:31:07.290528');
INSERT INTO "django_admin_log" VALUES(70,'35','6.1 Introduction to finite automata',3,'',7,1,'2024-01-06 13:31:07.298035');
INSERT INTO "django_admin_log" VALUES(71,'34','5.6 Network security',3,'',7,1,'2024-01-06 13:31:07.305407');
INSERT INTO "django_admin_log" VALUES(72,'33','5.5 Application layer',3,'',7,1,'2024-01-06 13:31:07.312741');
INSERT INTO "django_admin_log" VALUES(73,'32','5.4 Transport layer',3,'',7,1,'2024-01-06 13:31:07.320214');
INSERT INTO "django_admin_log" VALUES(74,'31','5.3 Network layer',3,'',7,1,'2024-01-06 13:31:07.327513');
INSERT INTO "django_admin_log" VALUES(75,'30','5.2 Data link layer',3,'',7,1,'2024-01-06 13:31:07.334827');
INSERT INTO "django_admin_log" VALUES(76,'29','5.1  Introduction to computer networks and physical layer',3,'',7,1,'2024-01-06 13:31:07.342200');
INSERT INTO "django_admin_log" VALUES(77,'28','4.6 Hardware descripts language and IC technology',3,'',7,1,'2024-01-06 13:31:07.349526');
INSERT INTO "django_admin_log" VALUES(78,'27','4.5 Real-Time operating and control system',3,'',7,1,'2024-01-06 13:31:07.356816');
INSERT INTO "django_admin_log" VALUES(79,'26','4.4 Hardware-Software design issues on embedded system',3,'',7,1,'2024-01-06 13:31:07.364173');
INSERT INTO "django_admin_log" VALUES(80,'25','4.3 Input-Output organization and multiprocessor',3,'',7,1,'2024-01-06 13:31:07.371457');
INSERT INTO "django_admin_log" VALUES(81,'24','4.2 Control and central processing units',3,'',7,1,'2024-01-06 13:31:07.378924');
INSERT INTO "django_admin_log" VALUES(82,'23','4.1 Control and central processing units',3,'',7,1,'2024-01-06 13:31:07.386264');
INSERT INTO "django_admin_log" VALUES(83,'22','3.5 Pure virtual function and file handling3.6 Generic programming and exception handling',3,'',7,1,'2024-01-06 13:31:07.393620');
INSERT INTO "django_admin_log" VALUES(84,'21','3.4 Features of object-oriented programming',3,'',7,1,'2024-01-06 13:31:07.401036');
INSERT INTO "django_admin_log" VALUES(85,'20','3.3 C++ language constructs with objects and classes',3,'',7,1,'2024-01-06 13:31:07.408446');
INSERT INTO "django_admin_log" VALUES(86,'19','3.2 Pointers, structure and data files in C programming',3,'',7,1,'2024-01-06 13:31:07.415717');
INSERT INTO "django_admin_log" VALUES(87,'18','3.1 Introduction to C programming',3,'',7,1,'2024-01-06 13:31:07.423058');
INSERT INTO "django_admin_log" VALUES(88,'17','2.6 Interrupt operations',3,'',7,1,'2024-01-06 13:31:07.430325');
INSERT INTO "django_admin_log" VALUES(89,'16','2.5 Microprocessor system',3,'',7,1,'2024-01-06 13:31:07.437695');
INSERT INTO "django_admin_log" VALUES(90,'15','2.4 Microprocessor',3,'',7,1,'2024-01-06 13:31:07.445001');
INSERT INTO "django_admin_log" VALUES(91,'14','2.3 Sequential logic circuit',3,'',7,1,'2024-01-06 13:31:07.452315');
INSERT INTO "django_admin_log" VALUES(92,'13','2.2 Combinational and arithmetic circuits',3,'',7,1,'2024-01-06 13:31:07.459776');
INSERT INTO "django_admin_log" VALUES(93,'12','2.1 Digital logic',3,'',7,1,'2024-01-06 13:31:07.472066');
INSERT INTO "django_admin_log" VALUES(94,'11','1.6 Amplifiers',3,'',7,1,'2024-01-06 13:31:07.479713');
INSERT INTO "django_admin_log" VALUES(95,'10','1.6 Amplifiers:',3,'',7,1,'2024-01-06 13:31:07.486993');
INSERT INTO "django_admin_log" VALUES(96,'9','1.5 Signal generator',3,'',7,1,'2024-01-06 13:31:07.494233');
INSERT INTO "django_admin_log" VALUES(97,'8','1.4 Semiconductor devices',3,'',7,1,'2024-01-06 13:31:07.501640');
INSERT INTO "django_admin_log" VALUES(98,'7','1.3 Alternating current fundamentals',3,'',7,1,'2024-01-06 13:31:07.509067');
INSERT INTO "django_admin_log" VALUES(99,'6','1.2 Network theorems',3,'',7,1,'2024-01-06 13:31:07.516240');
INSERT INTO "django_admin_log" VALUES(100,'5','1.1 Basic concept',3,'',7,1,'2024-01-06 13:31:07.523483');
INSERT INTO "django_admin_log" VALUES(101,'13','9. Artificial Intelligence and Neural Network',3,'',9,1,'2024-01-06 13:31:18.766602');
INSERT INTO "django_admin_log" VALUES(102,'12','4. Computer Organization and Embedded System',3,'',9,1,'2024-01-06 13:31:18.778824');
INSERT INTO "django_admin_log" VALUES(103,'11','3. Programming Language and Its Applications',3,'',9,1,'2024-01-06 13:31:18.789872');
INSERT INTO "django_admin_log" VALUES(104,'10','10. Project Planning, Design and Implementation',3,'',9,1,'2024-01-06 13:31:18.801914');
INSERT INTO "django_admin_log" VALUES(105,'9','9. Artificial Intelligence and Neural Networks',3,'',9,1,'2024-01-06 13:31:18.813704');
INSERT INTO "django_admin_log" VALUES(106,'8','8. Software Engineering and Object-Oriented Analysis & Design',3,'',9,1,'2024-01-06 13:31:18.825082');
INSERT INTO "django_admin_log" VALUES(107,'7','7. Data Structures and Algorithm, Database System and Operating System',3,'',9,1,'2024-01-06 13:31:18.838260');
INSERT INTO "django_admin_log" VALUES(108,'6','6. Theory of Computation and Computer Graphics',3,'',9,1,'2024-01-06 13:31:18.849661');
INSERT INTO "django_admin_log" VALUES(109,'5','5. Concept of Computer Network and Network Security System',3,'',9,1,'2024-01-06 13:31:18.860955');
INSERT INTO "django_admin_log" VALUES(110,'4','4. Computer Organization and Embedded System (ACtE04)',3,'',9,1,'2024-01-06 13:31:18.873541');
INSERT INTO "django_admin_log" VALUES(111,'3','3. Programming Language and Its Applications (ACtE03)',3,'',9,1,'2024-01-06 13:31:18.885046');
INSERT INTO "django_admin_log" VALUES(112,'2','2. Digital Logic and Microprocessor',3,'',9,1,'2024-01-06 13:31:18.901015');
INSERT INTO "django_admin_log" VALUES(113,'1','1. Concept of Basic Electrical and Electronics Engineering',3,'',9,1,'2024-01-06 13:31:18.912488');
INSERT INTO "django_admin_log" VALUES(114,'123','10.6 Engineering Regulatory Body',3,'',7,1,'2024-01-06 13:34:05.723091');
INSERT INTO "django_admin_log" VALUES(115,'122','10.5 Engineering professional practice',3,'',7,1,'2024-01-06 13:34:05.732841');
INSERT INTO "django_admin_log" VALUES(116,'121','10.4 Project management',3,'',7,1,'2024-01-06 13:34:05.742575');
INSERT INTO "django_admin_log" VALUES(117,'120','10.3 Project planning and scheduling',3,'',7,1,'2024-01-06 13:34:05.751831');
INSERT INTO "django_admin_log" VALUES(118,'119','10.2 Engineering Economics',3,'',7,1,'2024-01-06 13:34:05.761199');
INSERT INTO "django_admin_log" VALUES(119,'118','10.1 Engineering drawings and its concepts',3,'',7,1,'2024-01-06 13:34:05.770720');
INSERT INTO "django_admin_log" VALUES(120,'117','9.6  Neural networks',3,'',7,1,'2024-01-06 13:34:05.779493');
INSERT INTO "django_admin_log" VALUES(121,'116','9.5 Machine learning',3,'',7,1,'2024-01-06 13:34:05.788945');
INSERT INTO "django_admin_log" VALUES(122,'115','9.4 Expert system and natural language processing',3,'',7,1,'2024-01-06 13:34:05.798493');
INSERT INTO "django_admin_log" VALUES(123,'114','9.3 Knowledge representation',3,'',7,1,'2024-01-06 13:34:05.807417');
INSERT INTO "django_admin_log" VALUES(124,'113','9.2 Problem solving and searching techniques',3,'',7,1,'2024-01-06 13:34:05.816850');
INSERT INTO "django_admin_log" VALUES(125,'112','9.1 Introduction to AI and intelligent agent',3,'',7,1,'2024-01-06 13:34:05.826504');
INSERT INTO "django_admin_log" VALUES(126,'111','8.6 Object-oriented design implementation',3,'',7,1,'2024-01-06 13:34:05.835583');
INSERT INTO "django_admin_log" VALUES(127,'110','8.5 Object-oriented design',3,'',7,1,'2024-01-06 13:34:05.844989');
INSERT INTO "django_admin_log" VALUES(128,'109','8.4 Object-oriented fundamentals and analysis',3,'',7,1,'2024-01-06 13:34:05.858212');
INSERT INTO "django_admin_log" VALUES(129,'108','8.3 Software testing, cost estimation, quality management, and configuration management',3,'',7,1,'2024-01-06 13:34:05.867789');
INSERT INTO "django_admin_log" VALUES(130,'107','8.2 Software design',3,'',7,1,'2024-01-06 13:34:05.876578');
INSERT INTO "django_admin_log" VALUES(131,'106','8.1 Software process and requirements',3,'',7,1,'2024-01-06 13:34:05.885855');
INSERT INTO "django_admin_log" VALUES(132,'105','7.6 Memory management, file systems and system administration',3,'',7,1,'2024-01-06 13:34:05.895259');
INSERT INTO "django_admin_log" VALUES(133,'104','7.5 Introduction to Operating System and process management',3,'',7,1,'2024-01-06 13:34:05.904254');
INSERT INTO "django_admin_log" VALUES(134,'103','7.4 Transaction processing, concurrency control and crash recovery',3,'',7,1,'2024-01-06 13:34:05.913530');
INSERT INTO "django_admin_log" VALUES(135,'102','7.3 Introduction to data models, normalization, and SQL',3,'',7,1,'2024-01-06 13:34:05.922988');
INSERT INTO "django_admin_log" VALUES(136,'101','7.2 Sorting, searching, and graphs',3,'',7,1,'2024-01-06 13:34:05.931806');
INSERT INTO "django_admin_log" VALUES(137,'100','7.1 Introduction to data structure, list, linked lists and trees',3,'',7,1,'2024-01-06 13:34:05.941208');
INSERT INTO "django_admin_log" VALUES(138,'99','6.6 Three-dimensional transformation',3,'',7,1,'2024-01-06 13:34:05.950855');
INSERT INTO "django_admin_log" VALUES(139,'98','6.5 Two-dimensional transformation',3,'',7,1,'2024-01-06 13:34:05.959775');
INSERT INTO "django_admin_log" VALUES(140,'97','6.4 Introduction of computer graphics',3,'',7,1,'2024-01-06 13:34:05.969118');
INSERT INTO "django_admin_log" VALUES(141,'96','6.3 Turing machine',3,'',7,1,'2024-01-06 13:34:05.978549');
INSERT INTO "django_admin_log" VALUES(142,'95','6.2 Introduction to context free language',3,'',7,1,'2024-01-06 13:34:05.987344');
INSERT INTO "django_admin_log" VALUES(143,'94','6.1 Introduction to finite automata',3,'',7,1,'2024-01-06 13:34:05.996558');
INSERT INTO "django_admin_log" VALUES(144,'93','5.6 Network security',3,'',7,1,'2024-01-06 13:34:06.005961');
INSERT INTO "django_admin_log" VALUES(145,'92','5.5 Application layer',3,'',7,1,'2024-01-06 13:34:06.014870');
INSERT INTO "django_admin_log" VALUES(146,'91','5.4 Transport layer',3,'',7,1,'2024-01-06 13:34:06.024187');
INSERT INTO "django_admin_log" VALUES(147,'90','5.3 Network layer',3,'',7,1,'2024-01-06 13:34:06.033589');
INSERT INTO "django_admin_log" VALUES(148,'89','5.2 Data link layer',3,'',7,1,'2024-01-06 13:34:06.042260');
INSERT INTO "django_admin_log" VALUES(149,'88','5.1  Introduction to computer networks and physical layer',3,'',7,1,'2024-01-06 13:34:06.053934');
INSERT INTO "django_admin_log" VALUES(150,'87','4.6 Hardware descripts language and IC technology',3,'',7,1,'2024-01-06 13:34:06.062738');
INSERT INTO "django_admin_log" VALUES(151,'86','4.5 Real-Time operating and control system',3,'',7,1,'2024-01-06 13:34:06.072278');
INSERT INTO "django_admin_log" VALUES(152,'85','4.4 Hardware-Software design issues on embedded system',3,'',7,1,'2024-01-06 13:34:06.081574');
INSERT INTO "django_admin_log" VALUES(153,'84','4.3 Input-Output organization and multiprocessor',3,'',7,1,'2024-01-06 13:34:06.090408');
INSERT INTO "django_admin_log" VALUES(154,'83','4.2 Control and central processing units',3,'',7,1,'2024-01-06 13:34:06.098990');
INSERT INTO "django_admin_log" VALUES(155,'82','4.1 Control and central processing units',3,'',7,1,'2024-01-06 13:34:06.107231');
INSERT INTO "django_admin_log" VALUES(156,'81','3.5 Pure virtual function and file handling3.6 Generic programming and exception handling',3,'',7,1,'2024-01-06 13:34:06.115443');
INSERT INTO "django_admin_log" VALUES(157,'80','3.4 Features of object-oriented programming',3,'',7,1,'2024-01-06 13:34:06.123679');
INSERT INTO "django_admin_log" VALUES(158,'79','3.3 C++ language constructs with objects and classes',3,'',7,1,'2024-01-06 13:34:06.131959');
INSERT INTO "django_admin_log" VALUES(159,'78','3.2 Pointers, structure and data files in C programming',3,'',7,1,'2024-01-06 13:34:06.140266');
INSERT INTO "django_admin_log" VALUES(160,'77','3.1 Introduction to C programming',3,'',7,1,'2024-01-06 13:34:06.148505');
INSERT INTO "django_admin_log" VALUES(161,'76','2.6 Interrupt operations',3,'',7,1,'2024-01-06 13:34:06.156648');
INSERT INTO "django_admin_log" VALUES(162,'75','2.5 Microprocessor system',3,'',7,1,'2024-01-06 13:34:06.164911');
INSERT INTO "django_admin_log" VALUES(163,'74','2.4 Microprocessor',3,'',7,1,'2024-01-06 13:34:06.173188');
INSERT INTO "django_admin_log" VALUES(164,'73','2.3 Sequential logic circuit',3,'',7,1,'2024-01-06 13:34:06.181385');
INSERT INTO "django_admin_log" VALUES(165,'72','2.2 Combinational and arithmetic circuits',3,'',7,1,'2024-01-06 13:34:06.189843');
INSERT INTO "django_admin_log" VALUES(166,'71','2.1 Digital logic',3,'',7,1,'2024-01-06 13:34:06.198171');
INSERT INTO "django_admin_log" VALUES(167,'70','1.6 Amplifiers',3,'',7,1,'2024-01-06 13:34:06.206392');
INSERT INTO "django_admin_log" VALUES(168,'69','1.5 Signal generator',3,'',7,1,'2024-01-06 13:34:06.214610');
INSERT INTO "django_admin_log" VALUES(169,'68','1.4 Semiconductor devices',3,'',7,1,'2024-01-06 13:34:06.222870');
INSERT INTO "django_admin_log" VALUES(170,'67','1.3 Alternating current fundamentals',3,'',7,1,'2024-01-06 13:34:06.231262');
INSERT INTO "django_admin_log" VALUES(171,'66','1.2 Network theorems',3,'',7,1,'2024-01-06 13:34:06.243315');
INSERT INTO "django_admin_log" VALUES(172,'65','1.1 Basic concept',3,'',7,1,'2024-01-06 13:34:06.251687');
INSERT INTO "django_admin_log" VALUES(173,'23','10. Project Planning, Design and Implementation',3,'',9,1,'2024-01-06 13:34:17.124735');
INSERT INTO "django_admin_log" VALUES(174,'22','9. Artificial Intelligence and Neural Network',3,'',9,1,'2024-01-06 13:34:17.132913');
INSERT INTO "django_admin_log" VALUES(175,'21','8. Software Engineering and Object-Oriented Analysis & Design',3,'',9,1,'2024-01-06 13:34:17.140833');
INSERT INTO "django_admin_log" VALUES(176,'20','7. Data Structures and Algorithm, Database System and Operating System',3,'',9,1,'2024-01-06 13:34:17.148983');
INSERT INTO "django_admin_log" VALUES(177,'19','6. Theory of Computation and Computer Graphics',3,'',9,1,'2024-01-06 13:34:17.156819');
INSERT INTO "django_admin_log" VALUES(178,'18','5. Concept of Computer Network and Network Security System',3,'',9,1,'2024-01-06 13:34:17.164314');
INSERT INTO "django_admin_log" VALUES(179,'17','4. Computer Organization and Embedded System',3,'',9,1,'2024-01-06 13:34:17.171671');
INSERT INTO "django_admin_log" VALUES(180,'16','3. Programming Language and Its Applications',3,'',9,1,'2024-01-06 13:34:17.179201');
INSERT INTO "django_admin_log" VALUES(181,'15','2. Digital Logic and Microprocessor',3,'',9,1,'2024-01-06 13:34:17.186761');
INSERT INTO "django_admin_log" VALUES(182,'14','1. Concept of Basic Electrical and Electronics Engineering',3,'',9,1,'2024-01-06 13:34:17.194239');
INSERT INTO "django_admin_log" VALUES(183,'43','10. Project Planning, Design and Implementation',2,'[{"changed": {"fields": ["Course"]}}]',9,1,'2024-01-06 13:35:23.121072');
INSERT INTO "django_admin_log" VALUES(184,'241','10.6 Engineering Regulatory Body',3,'',7,1,'2024-01-06 13:37:10.083235');
INSERT INTO "django_admin_log" VALUES(185,'240','10.5 Engineering professional practice',3,'',7,1,'2024-01-06 13:37:10.094289');
INSERT INTO "django_admin_log" VALUES(186,'239','10.4 Project management',3,'',7,1,'2024-01-06 13:37:10.111478');
INSERT INTO "django_admin_log" VALUES(187,'238','10.3 Project planning and scheduling',3,'',7,1,'2024-01-06 13:37:10.121312');
INSERT INTO "django_admin_log" VALUES(188,'237','10.2 Engineering Economics',3,'',7,1,'2024-01-06 13:37:10.130313');
INSERT INTO "django_admin_log" VALUES(189,'236','10.1 Engineering drawings and its concepts',3,'',7,1,'2024-01-06 13:37:10.139225');
INSERT INTO "django_admin_log" VALUES(190,'235','9.6  Neural networks',3,'',7,1,'2024-01-06 13:37:10.148891');
INSERT INTO "django_admin_log" VALUES(191,'234','9.5 Machine learning',3,'',7,1,'2024-01-06 13:37:10.157806');
INSERT INTO "django_admin_log" VALUES(192,'233','9.4 Expert system and natural language processing',3,'',7,1,'2024-01-06 13:37:10.167032');
INSERT INTO "django_admin_log" VALUES(193,'232','9.3 Knowledge representation',3,'',7,1,'2024-01-06 13:37:10.180629');
INSERT INTO "django_admin_log" VALUES(194,'231','9.2 Problem solving and searching techniques',3,'',7,1,'2024-01-06 13:37:10.190122');
INSERT INTO "django_admin_log" VALUES(195,'230','9.1 Introduction to AI and intelligent agent',3,'',7,1,'2024-01-06 13:37:10.199155');
INSERT INTO "django_admin_log" VALUES(196,'229','8.6 Object-oriented design implementation',3,'',7,1,'2024-01-06 13:37:10.208507');
INSERT INTO "django_admin_log" VALUES(197,'228','8.5 Object-oriented design',3,'',7,1,'2024-01-06 13:37:10.220048');
INSERT INTO "django_admin_log" VALUES(198,'227','8.4 Object-oriented fundamentals and analysis',3,'',7,1,'2024-01-06 13:37:10.229219');
INSERT INTO "django_admin_log" VALUES(199,'226','8.3 Software testing, cost estimation, quality management, and configuration management',3,'',7,1,'2024-01-06 13:37:10.238828');
INSERT INTO "django_admin_log" VALUES(200,'225','8.2 Software design',3,'',7,1,'2024-01-06 13:37:10.247790');
INSERT INTO "django_admin_log" VALUES(201,'224','8.1 Software process and requirements',3,'',7,1,'2024-01-06 13:37:10.257151');
INSERT INTO "django_admin_log" VALUES(202,'223','7.6 Memory management, file systems and system administration',3,'',7,1,'2024-01-06 13:37:10.266408');
INSERT INTO "django_admin_log" VALUES(203,'222','7.5 Introduction to Operating System and process management',3,'',7,1,'2024-01-06 13:37:10.275358');
INSERT INTO "django_admin_log" VALUES(204,'221','7.4 Transaction processing, concurrency control and crash recovery',3,'',7,1,'2024-01-06 13:37:10.284558');
INSERT INTO "django_admin_log" VALUES(205,'220','7.3 Introduction to data models, normalization, and SQL',3,'',7,1,'2024-01-06 13:37:10.294197');
INSERT INTO "django_admin_log" VALUES(206,'219','7.2 Sorting, searching, and graphs',3,'',7,1,'2024-01-06 13:37:10.303232');
INSERT INTO "django_admin_log" VALUES(207,'218','7.1 Introduction to data structure, list, linked lists and trees',3,'',7,1,'2024-01-06 13:37:10.316605');
INSERT INTO "django_admin_log" VALUES(208,'217','6.6 Three-dimensional transformation',3,'',7,1,'2024-01-06 13:37:10.326077');
INSERT INTO "django_admin_log" VALUES(209,'216','6.5 Two-dimensional transformation',3,'',7,1,'2024-01-06 13:37:10.335504');
INSERT INTO "django_admin_log" VALUES(210,'215','6.4 Introduction of computer graphics',3,'',7,1,'2024-01-06 13:37:10.344531');
INSERT INTO "django_admin_log" VALUES(211,'214','6.3 Turing machine',3,'',7,1,'2024-01-06 13:37:10.353684');
INSERT INTO "django_admin_log" VALUES(212,'213','6.2 Introduction to context free language',3,'',7,1,'2024-01-06 13:37:10.363238');
INSERT INTO "django_admin_log" VALUES(213,'212','6.1 Introduction to finite automata',3,'',7,1,'2024-01-06 13:37:10.372139');
INSERT INTO "django_admin_log" VALUES(214,'211','5.6 Network security',3,'',7,1,'2024-01-06 13:37:10.381188');
INSERT INTO "django_admin_log" VALUES(215,'210','5.5 Application layer',3,'',7,1,'2024-01-06 13:37:10.390381');
INSERT INTO "django_admin_log" VALUES(216,'209','5.4 Transport layer',3,'',7,1,'2024-01-06 13:37:10.399127');
INSERT INTO "django_admin_log" VALUES(217,'208','5.3 Network layer',3,'',7,1,'2024-01-06 13:37:10.408126');
INSERT INTO "django_admin_log" VALUES(218,'207','5.2 Data link layer',3,'',7,1,'2024-01-06 13:37:10.417090');
INSERT INTO "django_admin_log" VALUES(219,'206','5.1  Introduction to computer networks and physical layer',3,'',7,1,'2024-01-06 13:37:10.425999');
INSERT INTO "django_admin_log" VALUES(220,'205','4.6 Hardware descripts language and IC technology',3,'',7,1,'2024-01-06 13:37:10.435043');
INSERT INTO "django_admin_log" VALUES(221,'204','4.5 Real-Time operating and control system',3,'',7,1,'2024-01-06 13:37:10.443991');
INSERT INTO "django_admin_log" VALUES(222,'203','4.4 Hardware-Software design issues on embedded system',3,'',7,1,'2024-01-06 13:37:10.452813');
INSERT INTO "django_admin_log" VALUES(223,'202','4.3 Input-Output organization and multiprocessor',3,'',7,1,'2024-01-06 13:37:10.461812');
INSERT INTO "django_admin_log" VALUES(224,'201','4.2 Control and central processing units',3,'',7,1,'2024-01-06 13:37:10.471076');
INSERT INTO "django_admin_log" VALUES(225,'200','4.1 Control and central processing units',3,'',7,1,'2024-01-06 13:37:10.480010');
INSERT INTO "django_admin_log" VALUES(226,'199','3.5 Pure virtual function and file handling3.6 Generic programming and exception handling',3,'',7,1,'2024-01-06 13:37:10.489185');
INSERT INTO "django_admin_log" VALUES(227,'198','3.4 Features of object-oriented programming',3,'',7,1,'2024-01-06 13:37:10.498499');
INSERT INTO "django_admin_log" VALUES(228,'197','3.3 C++ language constructs with objects and classes',3,'',7,1,'2024-01-06 13:37:10.507380');
INSERT INTO "django_admin_log" VALUES(229,'196','3.2 Pointers, structure and data files in C programming',3,'',7,1,'2024-01-06 13:37:10.516502');
INSERT INTO "django_admin_log" VALUES(230,'195','3.1 Introduction to C programming',3,'',7,1,'2024-01-06 13:37:10.525489');
INSERT INTO "django_admin_log" VALUES(231,'194','2.6 Interrupt operations',3,'',7,1,'2024-01-06 13:37:10.533422');
INSERT INTO "django_admin_log" VALUES(232,'193','2.5 Microprocessor system',3,'',7,1,'2024-01-06 13:37:10.541481');
INSERT INTO "django_admin_log" VALUES(233,'192','2.4 Microprocessor',3,'',7,1,'2024-01-06 13:37:10.549556');
INSERT INTO "django_admin_log" VALUES(234,'191','2.3 Sequential logic circuit',3,'',7,1,'2024-01-06 13:37:10.557670');
INSERT INTO "django_admin_log" VALUES(235,'190','2.2 Combinational and arithmetic circuits',3,'',7,1,'2024-01-06 13:37:10.565766');
INSERT INTO "django_admin_log" VALUES(236,'189','2.1 Digital logic',3,'',7,1,'2024-01-06 13:37:10.573872');
INSERT INTO "django_admin_log" VALUES(237,'188','1.6 Amplifiers',3,'',7,1,'2024-01-06 13:37:10.581888');
INSERT INTO "django_admin_log" VALUES(238,'187','1.5 Signal generator',3,'',7,1,'2024-01-06 13:37:10.590047');
INSERT INTO "django_admin_log" VALUES(239,'186','1.4 Semiconductor devices',3,'',7,1,'2024-01-06 13:37:10.598173');
INSERT INTO "django_admin_log" VALUES(240,'185','1.3 Alternating current fundamentals',3,'',7,1,'2024-01-06 13:37:10.606315');
INSERT INTO "django_admin_log" VALUES(241,'184','1.2 Network theorems',3,'',7,1,'2024-01-06 13:37:10.614528');
INSERT INTO "django_admin_log" VALUES(242,'183','1.1 Basic concept',3,'',7,1,'2024-01-06 13:37:10.622507');
INSERT INTO "django_admin_log" VALUES(243,'182','10.6 Engineering Regulatory Body',3,'',7,1,'2024-01-06 13:37:10.630463');
INSERT INTO "django_admin_log" VALUES(244,'181','10.5 Engineering professional practice',3,'',7,1,'2024-01-06 13:37:10.638555');
INSERT INTO "django_admin_log" VALUES(245,'180','10.4 Project management',3,'',7,1,'2024-01-06 13:37:10.646735');
INSERT INTO "django_admin_log" VALUES(246,'179','10.3 Project planning and scheduling',3,'',7,1,'2024-01-06 13:37:10.656850');
INSERT INTO "django_admin_log" VALUES(247,'178','10.2 Engineering Economics',3,'',7,1,'2024-01-06 13:37:10.665122');
INSERT INTO "django_admin_log" VALUES(248,'177','10.1 Engineering drawings and its concepts',3,'',7,1,'2024-01-06 13:37:10.673591');
INSERT INTO "django_admin_log" VALUES(249,'176','9.6  Neural networks',3,'',7,1,'2024-01-06 13:37:10.681966');
INSERT INTO "django_admin_log" VALUES(250,'175','9.5 Machine learning',3,'',7,1,'2024-01-06 13:37:10.690193');
INSERT INTO "django_admin_log" VALUES(251,'174','9.4 Expert system and natural language processing',3,'',7,1,'2024-01-06 13:37:10.698626');
INSERT INTO "django_admin_log" VALUES(252,'173','9.3 Knowledge representation',3,'',7,1,'2024-01-06 13:37:10.707048');
INSERT INTO "django_admin_log" VALUES(253,'172','9.2 Problem solving and searching techniques',3,'',7,1,'2024-01-06 13:37:10.715280');
INSERT INTO "django_admin_log" VALUES(254,'171','9.1 Introduction to AI and intelligent agent',3,'',7,1,'2024-01-06 13:37:10.723643');
INSERT INTO "django_admin_log" VALUES(255,'170','8.6 Object-oriented design implementation',3,'',7,1,'2024-01-06 13:37:10.732038');
INSERT INTO "django_admin_log" VALUES(256,'169','8.5 Object-oriented design',3,'',7,1,'2024-01-06 13:37:10.743817');
INSERT INTO "django_admin_log" VALUES(257,'168','8.4 Object-oriented fundamentals and analysis',3,'',7,1,'2024-01-06 13:37:10.752312');
INSERT INTO "django_admin_log" VALUES(258,'167','8.3 Software testing, cost estimation, quality management, and configuration management',3,'',7,1,'2024-01-06 13:37:10.760514');
INSERT INTO "django_admin_log" VALUES(259,'166','8.2 Software design',3,'',7,1,'2024-01-06 13:37:10.768904');
INSERT INTO "django_admin_log" VALUES(260,'165','8.1 Software process and requirements',3,'',7,1,'2024-01-06 13:37:10.777371');
INSERT INTO "django_admin_log" VALUES(261,'164','7.6 Memory management, file systems and system administration',3,'',7,1,'2024-01-06 13:37:10.785952');
INSERT INTO "django_admin_log" VALUES(262,'163','7.5 Introduction to Operating System and process management',3,'',7,1,'2024-01-06 13:37:10.823851');
INSERT INTO "django_admin_log" VALUES(263,'162','7.4 Transaction processing, concurrency control and crash recovery',3,'',7,1,'2024-01-06 13:37:10.831252');
INSERT INTO "django_admin_log" VALUES(264,'161','7.3 Introduction to data models, normalization, and SQL',3,'',7,1,'2024-01-06 13:37:10.838674');
INSERT INTO "django_admin_log" VALUES(265,'160','7.2 Sorting, searching, and graphs',3,'',7,1,'2024-01-06 13:37:10.846025');
INSERT INTO "django_admin_log" VALUES(266,'159','7.1 Introduction to data structure, list, linked lists and trees',3,'',7,1,'2024-01-06 13:37:10.853472');
INSERT INTO "django_admin_log" VALUES(267,'158','6.6 Three-dimensional transformation',3,'',7,1,'2024-01-06 13:37:10.860780');
INSERT INTO "django_admin_log" VALUES(268,'157','6.5 Two-dimensional transformation',3,'',7,1,'2024-01-06 13:37:10.868252');
INSERT INTO "django_admin_log" VALUES(269,'156','6.4 Introduction of computer graphics',3,'',7,1,'2024-01-06 13:37:10.875581');
INSERT INTO "django_admin_log" VALUES(270,'155','6.3 Turing machine',3,'',7,1,'2024-01-06 13:37:10.882890');
INSERT INTO "django_admin_log" VALUES(271,'154','6.2 Introduction to context free language',3,'',7,1,'2024-01-06 13:37:10.890282');
INSERT INTO "django_admin_log" VALUES(272,'153','6.1 Introduction to finite automata',3,'',7,1,'2024-01-06 13:37:10.897813');
INSERT INTO "django_admin_log" VALUES(273,'152','5.6 Network security',3,'',7,1,'2024-01-06 13:37:10.905192');
INSERT INTO "django_admin_log" VALUES(274,'151','5.5 Application layer',3,'',7,1,'2024-01-06 13:37:10.912518');
INSERT INTO "django_admin_log" VALUES(275,'150','5.4 Transport layer',3,'',7,1,'2024-01-06 13:37:10.919738');
INSERT INTO "django_admin_log" VALUES(276,'149','5.3 Network layer',3,'',7,1,'2024-01-06 13:37:10.927002');
INSERT INTO "django_admin_log" VALUES(277,'148','5.2 Data link layer',3,'',7,1,'2024-01-06 13:37:10.934429');
INSERT INTO "django_admin_log" VALUES(278,'147','5.1  Introduction to computer networks and physical layer',3,'',7,1,'2024-01-06 13:37:10.941748');
INSERT INTO "django_admin_log" VALUES(279,'146','4.6 Hardware descripts language and IC technology',3,'',7,1,'2024-01-06 13:37:10.949076');
INSERT INTO "django_admin_log" VALUES(280,'145','4.5 Real-Time operating and control system',3,'',7,1,'2024-01-06 13:37:10.956306');
INSERT INTO "django_admin_log" VALUES(281,'144','4.4 Hardware-Software design issues on embedded system',3,'',7,1,'2024-01-06 13:37:10.963569');
INSERT INTO "django_admin_log" VALUES(282,'143','4.3 Input-Output organization and multiprocessor',3,'',7,1,'2024-01-06 13:37:10.970856');
INSERT INTO "django_admin_log" VALUES(283,'142','4.2 Control and central processing units',3,'',7,1,'2024-01-06 13:37:10.978443');
INSERT INTO "django_admin_log" VALUES(284,'141','4.1 Control and central processing units',3,'',7,1,'2024-01-06 13:37:23.395301');
INSERT INTO "django_admin_log" VALUES(285,'140','3.5 Pure virtual function and file handling3.6 Generic programming and exception handling',3,'',7,1,'2024-01-06 13:37:23.404131');
INSERT INTO "django_admin_log" VALUES(286,'139','3.4 Features of object-oriented programming',3,'',7,1,'2024-01-06 13:37:23.412015');
INSERT INTO "django_admin_log" VALUES(287,'138','3.3 C++ language constructs with objects and classes',3,'',7,1,'2024-01-06 13:37:23.419727');
INSERT INTO "django_admin_log" VALUES(288,'137','3.2 Pointers, structure and data files in C programming',3,'',7,1,'2024-01-06 13:37:23.427125');
INSERT INTO "django_admin_log" VALUES(289,'136','3.1 Introduction to C programming',3,'',7,1,'2024-01-06 13:37:23.434511');
INSERT INTO "django_admin_log" VALUES(290,'135','2.6 Interrupt operations',3,'',7,1,'2024-01-06 13:37:23.441868');
INSERT INTO "django_admin_log" VALUES(291,'134','2.5 Microprocessor system',3,'',7,1,'2024-01-06 13:37:23.449402');
INSERT INTO "django_admin_log" VALUES(292,'133','2.4 Microprocessor',3,'',7,1,'2024-01-06 13:37:23.456770');
INSERT INTO "django_admin_log" VALUES(293,'132','2.3 Sequential logic circuit',3,'',7,1,'2024-01-06 13:37:23.464241');
INSERT INTO "django_admin_log" VALUES(294,'131','2.2 Combinational and arithmetic circuits',3,'',7,1,'2024-01-06 13:37:23.471784');
INSERT INTO "django_admin_log" VALUES(295,'130','2.1 Digital logic',3,'',7,1,'2024-01-06 13:37:23.479244');
INSERT INTO "django_admin_log" VALUES(296,'129','1.6 Amplifiers',3,'',7,1,'2024-01-06 13:37:23.486678');
INSERT INTO "django_admin_log" VALUES(297,'128','1.5 Signal generator',3,'',7,1,'2024-01-06 13:37:23.493946');
INSERT INTO "django_admin_log" VALUES(298,'127','1.4 Semiconductor devices',3,'',7,1,'2024-01-06 13:37:23.501361');
INSERT INTO "django_admin_log" VALUES(299,'126','1.3 Alternating current fundamentals',3,'',7,1,'2024-01-06 13:37:23.508639');
INSERT INTO "django_admin_log" VALUES(300,'125','1.2 Network theorems',3,'',7,1,'2024-01-06 13:37:23.515855');
INSERT INTO "django_admin_log" VALUES(301,'124','1.1 Basic concept',3,'',7,1,'2024-01-06 13:37:23.523197');
INSERT INTO "django_admin_log" VALUES(302,'43','10. Project Planning, Design and Implementation',3,'',9,1,'2024-01-06 13:37:32.666105');
INSERT INTO "django_admin_log" VALUES(303,'42','9. Artificial Intelligence and Neural Network',3,'',9,1,'2024-01-06 13:37:32.684648');
INSERT INTO "django_admin_log" VALUES(304,'41','8. Software Engineering and Object-Oriented Analysis & Design',3,'',9,1,'2024-01-06 13:37:32.696478');
INSERT INTO "django_admin_log" VALUES(305,'40','7. Data Structures and Algorithm, Database System and Operating System',3,'',9,1,'2024-01-06 13:37:32.707528');
INSERT INTO "django_admin_log" VALUES(306,'39','6. Theory of Computation and Computer Graphics',3,'',9,1,'2024-01-06 13:37:32.718757');
INSERT INTO "django_admin_log" VALUES(307,'38','5. Concept of Computer Network and Network Security System',3,'',9,1,'2024-01-06 13:37:32.729992');
INSERT INTO "django_admin_log" VALUES(308,'37','4. Computer Organization and Embedded System',3,'',9,1,'2024-01-06 13:37:32.741060');
INSERT INTO "django_admin_log" VALUES(309,'36','3. Programming Language and Its Applications',3,'',9,1,'2024-01-06 13:37:32.752225');
INSERT INTO "django_admin_log" VALUES(310,'35','2. Digital Logic and Microprocessor',3,'',9,1,'2024-01-06 13:37:32.763383');
INSERT INTO "django_admin_log" VALUES(311,'34','1. Concept of Basic Electrical and Electronics Engineering',3,'',9,1,'2024-01-06 13:37:32.772810');
INSERT INTO "django_admin_log" VALUES(312,'33','10. Project Planning, Design and Implementation',3,'',9,1,'2024-01-06 13:37:32.783117');
INSERT INTO "django_admin_log" VALUES(313,'32','9. Artificial Intelligence and Neural Network',3,'',9,1,'2024-01-06 13:37:32.792220');
INSERT INTO "django_admin_log" VALUES(314,'31','8. Software Engineering and Object-Oriented Analysis & Design',3,'',9,1,'2024-01-06 13:37:32.801855');
INSERT INTO "django_admin_log" VALUES(315,'30','7. Data Structures and Algorithm, Database System and Operating System',3,'',9,1,'2024-01-06 13:37:32.810806');
INSERT INTO "django_admin_log" VALUES(316,'29','6. Theory of Computation and Computer Graphics',3,'',9,1,'2024-01-06 13:37:32.819829');
INSERT INTO "django_admin_log" VALUES(317,'28','5. Concept of Computer Network and Network Security System',3,'',9,1,'2024-01-06 13:37:32.829469');
INSERT INTO "django_admin_log" VALUES(318,'27','4. Computer Organization and Embedded System',3,'',9,1,'2024-01-06 13:37:32.838410');
INSERT INTO "django_admin_log" VALUES(319,'26','3. Programming Language and Its Applications',3,'',9,1,'2024-01-06 13:37:32.847334');
INSERT INTO "django_admin_log" VALUES(320,'25','2. Digital Logic and Microprocessor',3,'',9,1,'2024-01-06 13:37:32.859981');
INSERT INTO "django_admin_log" VALUES(321,'24','1. Concept of Basic Electrical and Electronics Engineering',3,'',9,1,'2024-01-06 13:37:32.869758');
INSERT INTO "django_admin_log" VALUES(322,'242','1.1 Basic concept',2,'[{"changed": {"fields": ["More sub", "Details"]}}]',7,1,'2024-01-06 14:52:29.990364');
INSERT INTO "django_admin_log" VALUES(323,'242','1.1 Basic concept',2,'[]',7,1,'2024-01-07 02:31:00.165656');
INSERT INTO "django_admin_log" VALUES(324,'242','1.1 Basic concept',2,'[{"changed": {"fields": ["Details"]}}]',7,1,'2024-01-07 02:31:53.867025');
INSERT INTO "django_admin_log" VALUES(325,'242','1.1 Basic concept',2,'[{"changed": {"fields": ["Details"]}}]',7,1,'2024-01-07 02:32:17.787287');
INSERT INTO "django_admin_log" VALUES(326,'242','1.1 Basic concept',2,'[{"changed": {"fields": ["Details"]}}]',7,1,'2024-01-07 02:39:35.962352');
INSERT INTO "django_admin_log" VALUES(327,'242','1.1 Basic concept',2,'[{"changed": {"fields": ["Details"]}}]',7,1,'2024-01-07 17:10:39.593726');
INSERT INTO "django_admin_log" VALUES(328,'242','1.1 Basic concept',2,'[{"changed": {"fields": ["Details"]}}]',7,1,'2024-01-07 17:11:20.702039');
INSERT INTO "django_admin_log" VALUES(329,'242','1.1 Basic concept',2,'[{"changed": {"fields": ["Details"]}}]',7,1,'2024-01-07 17:17:09.560371');
INSERT INTO "django_admin_log" VALUES(330,'242','1.1 Basic concept',2,'[{"changed": {"fields": ["Details"]}}]',7,1,'2024-01-07 17:20:39.909052');
INSERT INTO "django_admin_log" VALUES(331,'242','1.1 Basic concept',2,'[{"changed": {"fields": ["Details"]}}]',7,1,'2024-01-07 17:25:58.380636');
INSERT INTO "django_admin_log" VALUES(332,'242','1.1 Basic concept',2,'[{"changed": {"fields": ["Details"]}}]',7,1,'2024-01-07 17:27:18.991166');
INSERT INTO "django_admin_log" VALUES(333,'242','1.1 Basic concept',2,'[{"changed": {"fields": ["Details"]}}]',7,1,'2024-01-07 17:34:47.622454');
INSERT INTO "django_admin_log" VALUES(334,'1','What does CPU stand for?',2,'[{"changed": {"fields": ["Course subtitle"]}}]',14,1,'2024-01-13 18:46:08.452011');
INSERT INTO "django_admin_log" VALUES(335,'243','1.2 Network theorems',2,'[{"changed": {"fields": ["More sub", "Details"]}}]',7,1,'2024-01-14 09:59:01.377404');
INSERT INTO "django_admin_log" VALUES(336,'242','1.1 Basic concept',2,'[{"changed": {"fields": ["Details"]}}]',7,1,'2024-01-14 10:10:16.282873');
INSERT INTO "django_admin_log" VALUES(337,'242','1.1 Basic concept',2,'[{"changed": {"fields": ["Details"]}}]',7,1,'2024-01-14 10:10:46.092723');
INSERT INTO "django_admin_log" VALUES(338,'242','1.1 Basic concept',2,'[{"changed": {"fields": ["Details"]}}]',7,1,'2024-01-14 10:14:06.242309');
INSERT INTO "django_admin_log" VALUES(339,'242','1.1 Basic concept',2,'[{"changed": {"fields": ["Details"]}}]',7,1,'2024-01-14 10:22:37.728981');
INSERT INTO "django_admin_log" VALUES(340,'243','1.2 Network theorems',2,'[{"changed": {"fields": ["More sub", "Details"]}}]',7,1,'2024-01-14 10:23:59.672316');
INSERT INTO "django_admin_log" VALUES(341,'243','1.2 Network theorems',2,'[{"changed": {"fields": ["Details"]}}]',7,1,'2024-01-14 10:24:32.816927');
INSERT INTO "django_admin_log" VALUES(342,'243','1.2 Network theorems',2,'[{"changed": {"fields": ["Details"]}}]',7,1,'2024-01-14 10:34:12.026670');
INSERT INTO "django_admin_log" VALUES(343,'243','1.2 Network theorems',2,'[{"changed": {"fields": ["Details"]}}]',7,1,'2024-01-14 10:36:17.733061');
INSERT INTO "django_admin_log" VALUES(344,'244','1.3 Alternating current fundamentals',2,'[{"changed": {"fields": ["More sub"]}}]',7,1,'2024-01-14 10:38:15.590673');
INSERT INTO "django_admin_log" VALUES(345,'245','1.4 Semiconductor devices',2,'[{"changed": {"fields": ["More sub"]}}]',7,1,'2024-01-14 10:38:56.563219');
INSERT INTO "django_admin_log" VALUES(346,'245','1.4 Semiconductor devices',2,'[{"changed": {"fields": ["More sub"]}}]',7,1,'2024-01-14 10:40:48.593014');
INSERT INTO "django_admin_log" VALUES(347,'246','1.5 Signal generator',2,'[{"changed": {"fields": ["More sub"]}}]',7,1,'2024-01-14 10:41:19.048075');
INSERT INTO "django_admin_log" VALUES(348,'247','1.6 Amplifiers',2,'[{"changed": {"fields": ["More sub"]}}]',7,1,'2024-01-14 10:41:39.838777');
INSERT INTO "django_admin_log" VALUES(349,'248','2.1 Digital logic',2,'[{"changed": {"fields": ["More sub"]}}]',7,1,'2024-01-14 10:42:08.589277');
INSERT INTO "django_admin_log" VALUES(350,'249','2.2 Combinational and arithmetic circuits',2,'[{"changed": {"fields": ["More sub"]}}]',7,1,'2024-01-14 10:43:11.489090');
INSERT INTO "django_admin_log" VALUES(351,'250','2.3 Sequential logic circuit',2,'[{"changed": {"fields": ["More sub"]}}]',7,1,'2024-01-14 10:43:39.698015');
INSERT INTO "django_admin_log" VALUES(352,'251','2.4 Microprocessor',2,'[{"changed": {"fields": ["More sub"]}}]',7,1,'2024-01-14 10:43:58.766572');
INSERT INTO "django_admin_log" VALUES(353,'253','2.6 Interrupt operations',2,'[{"changed": {"fields": ["More sub"]}}]',7,1,'2024-01-14 10:44:31.746979');
INSERT INTO "django_admin_log" VALUES(354,'252','2.5 Microprocessor system',2,'[{"changed": {"fields": ["More sub"]}}]',7,1,'2024-01-14 10:44:52.412729');
INSERT INTO "django_admin_log" VALUES(355,'254','3.1 Introduction to C programming',2,'[{"changed": {"fields": ["More sub"]}}]',7,1,'2024-01-14 10:45:18.004017');
INSERT INTO "django_admin_log" VALUES(356,'255','3.2 Pointers, structure and data files in C programming',2,'[{"changed": {"fields": ["More sub"]}}]',7,1,'2024-01-14 10:45:40.251720');
INSERT INTO "django_admin_log" VALUES(357,'256','3.3 C++ language constructs with objects and classes',2,'[{"changed": {"fields": ["More sub"]}}]',7,1,'2024-01-14 10:46:04.158778');
INSERT INTO "django_admin_log" VALUES(358,'257','3.4 Features of object-oriented programming',2,'[{"changed": {"fields": ["More sub"]}}]',7,1,'2024-01-14 10:46:36.831801');
INSERT INTO "django_admin_log" VALUES(359,'258','3.5 Pure virtual function and file handling3.6 Generic programming and exception handling',2,'[{"changed": {"fields": ["More sub"]}}]',7,1,'2024-01-14 10:47:08.323521');
INSERT INTO "django_admin_log" VALUES(360,'301','Generic programming and exception handling',1,'[{"added": {}}]',7,1,'2024-01-14 10:48:33.922388');
INSERT INTO "django_admin_log" VALUES(361,'301','3.6 Generic programming and exception handling',2,'[{"changed": {"fields": ["Name"]}}]',7,1,'2024-01-14 10:49:01.222997');
INSERT INTO "django_admin_log" VALUES(362,'259','4.1 Control and central processing units',2,'[{"changed": {"fields": ["More sub"]}}]',7,1,'2024-01-14 10:51:36.750799');
INSERT INTO "django_admin_log" VALUES(363,'260','4.2 Control and central processing units',2,'[{"changed": {"fields": ["More sub"]}}]',7,1,'2024-01-14 10:52:03.395445');
INSERT INTO "django_admin_log" VALUES(364,'261','4.3 Input-Output organization and multiprocessor',2,'[{"changed": {"fields": ["More sub"]}}]',7,1,'2024-01-14 10:52:24.315068');
INSERT INTO "django_admin_log" VALUES(365,'262','4.4 Hardware-Software design issues on embedded system',2,'[{"changed": {"fields": ["More sub"]}}]',7,1,'2024-01-14 10:52:59.964018');
INSERT INTO "django_admin_log" VALUES(366,'263','4.5 Real-Time operating and control system',2,'[{"changed": {"fields": ["More sub"]}}]',7,1,'2024-01-14 11:01:45.747513');
INSERT INTO "django_admin_log" VALUES(367,'265','5.1  Introduction to computer networks and physical layer',2,'[{"changed": {"fields": ["More sub"]}}]',7,1,'2024-01-14 11:02:14.387225');
INSERT INTO "django_admin_log" VALUES(368,'266','5.2 Data link layer',2,'[{"changed": {"fields": ["More sub"]}}]',7,1,'2024-01-14 11:02:37.224004');
INSERT INTO "django_admin_log" VALUES(369,'267','5.3 Network layer',2,'[{"changed": {"fields": ["More sub"]}}]',7,1,'2024-01-14 11:03:06.923850');
INSERT INTO "django_admin_log" VALUES(370,'268','5.4 Transport layer',2,'[{"changed": {"fields": ["More sub"]}}]',7,1,'2024-01-14 11:03:33.091090');
INSERT INTO "django_admin_log" VALUES(371,'269','5.5 Application layer',2,'[{"changed": {"fields": ["More sub"]}}]',7,1,'2024-01-14 11:03:59.101556');
INSERT INTO "django_admin_log" VALUES(372,'270','5.6 Network security',2,'[{"changed": {"fields": ["More sub"]}}]',7,1,'2024-01-14 11:04:24.074477');
INSERT INTO "django_admin_log" VALUES(373,'271','6.1 Introduction to finite automata',2,'[{"changed": {"fields": ["More sub"]}}]',7,1,'2024-01-14 11:06:39.430255');
INSERT INTO "django_admin_log" VALUES(374,'272','6.2 Introduction to context free language',2,'[{"changed": {"fields": ["More sub"]}}]',7,1,'2024-01-14 11:07:04.055701');
INSERT INTO "django_admin_log" VALUES(375,'273','6.3 Turing machine',2,'[{"changed": {"fields": ["More sub"]}}]',7,1,'2024-01-14 11:07:34.752753');
INSERT INTO "django_admin_log" VALUES(376,'274','6.4 Introduction of computer graphics',2,'[{"changed": {"fields": ["More sub"]}}]',7,1,'2024-01-14 11:07:56.554961');
INSERT INTO "django_admin_log" VALUES(377,'275','6.5 Two-dimensional transformation',2,'[{"changed": {"fields": ["More sub"]}}]',7,1,'2024-01-14 11:08:29.918706');
INSERT INTO "django_admin_log" VALUES(378,'276','6.6 Three-dimensional transformation',2,'[{"changed": {"fields": ["More sub"]}}]',7,1,'2024-01-14 11:09:08.860935');
INSERT INTO "django_admin_log" VALUES(379,'277','7.1 Introduction to data structure, list, linked lists and trees',2,'[{"changed": {"fields": ["More sub"]}}]',7,1,'2024-01-14 11:09:32.149081');
INSERT INTO "django_admin_log" VALUES(380,'278','7.2 Sorting, searching, and graphs',2,'[{"changed": {"fields": ["More sub"]}}]',7,1,'2024-01-14 11:09:54.683661');
INSERT INTO "django_admin_log" VALUES(381,'279','7.3 Introduction to data models, normalization, and SQL',2,'[{"changed": {"fields": ["More sub"]}}]',7,1,'2024-01-14 11:10:16.913602');
INSERT INTO "django_admin_log" VALUES(382,'280','7.4 Transaction processing, concurrency control and crash recovery',2,'[{"changed": {"fields": ["More sub"]}}]',7,1,'2024-01-14 11:11:25.286913');
INSERT INTO "django_admin_log" VALUES(383,'281','7.5 Introduction to Operating System and process management',2,'[{"changed": {"fields": ["More sub"]}}]',7,1,'2024-01-14 11:11:52.598342');
INSERT INTO "django_admin_log" VALUES(384,'282','7.6 Memory management, file systems and system administration',2,'[{"changed": {"fields": ["More sub"]}}]',7,1,'2024-01-14 11:12:40.862634');
INSERT INTO "django_admin_log" VALUES(385,'283','8.1 Software process and requirements',2,'[{"changed": {"fields": ["More sub"]}}]',7,1,'2024-01-14 11:13:06.347269');
INSERT INTO "django_admin_log" VALUES(386,'284','8.2 Software design',2,'[{"changed": {"fields": ["More sub"]}}]',7,1,'2024-01-14 11:14:13.556056');
INSERT INTO "django_admin_log" VALUES(387,'285','8.3 Software testing, cost estimation, quality management, and configuration management',2,'[{"changed": {"fields": ["More sub"]}}]',7,1,'2024-01-14 11:14:57.422999');
INSERT INTO "django_admin_log" VALUES(388,'286','8.4 Object-oriented fundamentals and analysis',2,'[{"changed": {"fields": ["More sub"]}}]',7,1,'2024-01-14 11:15:22.738255');
INSERT INTO "django_admin_log" VALUES(389,'287','8.5 Object-oriented design',2,'[{"changed": {"fields": ["More sub"]}}]',7,1,'2024-01-14 11:15:39.569335');
INSERT INTO "django_admin_log" VALUES(390,'288','8.6 Object-oriented design implementation',2,'[{"changed": {"fields": ["More sub"]}}]',7,1,'2024-01-14 11:16:20.756737');
INSERT INTO "django_admin_log" VALUES(391,'287','8.5 Object-oriented design',2,'[{"changed": {"fields": ["More sub"]}}]',7,1,'2024-01-14 11:17:15.485703');
INSERT INTO "django_admin_log" VALUES(392,'289','9.1 Introduction to AI and intelligent agent',2,'[{"changed": {"fields": ["More sub"]}}]',7,1,'2024-01-14 11:18:06.134329');
INSERT INTO "django_admin_log" VALUES(393,'6','admins@admin.com',2,'[{"changed": {"fields": ["password"]}}]',4,1,'2024-01-15 15:37:19.571501');
INSERT INTO "django_admin_log" VALUES(394,'6','admins@admin.com',2,'[{"changed": {"fields": ["First name"]}}]',4,1,'2024-01-15 15:59:13.751987');
INSERT INTO "django_admin_log" VALUES(395,'1','Computer Engineering',1,'[{"added": {}}]',15,1,'2024-01-30 16:15:20.431941');
INSERT INTO "django_admin_log" VALUES(396,'2','Civil',1,'[{"added": {}}]',15,1,'2024-01-30 16:15:33.782370');
INSERT INTO "django_admin_log" VALUES(397,'3','Electronic and Electrical Engineering',1,'[{"added": {}}]',15,1,'2024-01-30 16:16:03.586480');
CREATE UNIQUE INDEX "auth_group_permissions_group_id_permission_id_0cd325b0_uniq" ON "auth_group_permissions" ("group_id", "permission_id");
CREATE INDEX IF NOT EXISTS "auth_group_permissions_group_id_b120cbf9" ON "auth_group_permissions" ("group_id");
CREATE INDEX IF NOT EXISTS "auth_group_permissions_permission_id_84c5c92e" ON "auth_group_permissions" ("permission_id");
CREATE UNIQUE INDEX "auth_user_groups_user_id_group_id_94350c0c_uniq" ON "auth_user_groups" ("user_id", "group_id");
CREATE INDEX IF NOT EXISTS "auth_user_groups_user_id_6a12ed8b" ON "auth_user_groups" ("user_id");
CREATE INDEX IF NOT EXISTS "auth_user_groups_group_id_97559544" ON "auth_user_groups" ("group_id");
CREATE UNIQUE INDEX "auth_user_user_permissions_user_id_permission_id_14a6b632_uniq" ON "auth_user_user_permissions" ("user_id", "permission_id");
CREATE INDEX IF NOT EXISTS "auth_user_user_permissions_user_id_a95ead1b" ON "auth_user_user_permissions" ("user_id");
CREATE INDEX IF NOT EXISTS "auth_user_user_permissions_permission_id_1fbb5f2c" ON "auth_user_user_permissions" ("permission_id");
CREATE INDEX IF NOT EXISTS "django_admin_log_content_type_id_c4bce8eb" ON "django_admin_log" ("content_type_id");
CREATE INDEX IF NOT EXISTS "django_admin_log_user_id_c564eba6" ON "django_admin_log" ("user_id");
CREATE UNIQUE INDEX "django_content_type_app_label_model_76bd3d3b_uniq" ON "django_content_type" ("app_label", "model");
CREATE UNIQUE INDEX "auth_permission_content_type_id_codename_01ab375a_uniq" ON "auth_permission" ("content_type_id", "codename");
CREATE INDEX IF NOT EXISTS "auth_permission_content_type_id_2f476e4b" ON "auth_permission" ("content_type_id");
CREATE INDEX IF NOT EXISTS "django_session_expire_date_a5c62663" ON "django_session" ("expire_date");
CREATE INDEX IF NOT EXISTS "website_quiz_course_id_e20b28b8" ON "website_quiz" ("course_id");
CREATE INDEX IF NOT EXISTS "website_question_quiz_id_fe97b76a" ON "website_question" ("quiz_id");
CREATE INDEX IF NOT EXISTS "website_choice_question_id_76086f40" ON "website_choice" ("question_id");
CREATE INDEX IF NOT EXISTS "website_sub_category_category_id_4a80f845" ON "website_sub_category" ("category_id");
CREATE INDEX IF NOT EXISTS "quiz_quesmodel_course_subtitle_id_78319d33" ON "quiz_quesmodel" ("course_subtitle_id");
CREATE INDEX IF NOT EXISTS "website_subject_course_id_07af432f" ON "website_subject" ("course_id");
CREATE INDEX IF NOT EXISTS "website_category_subject_id_4b9afb90" ON "website_category" ("subject_id");
CREATE TABLE IF NOT EXISTS "django_content_type" ("id" integer NOT NULL PRIMARY KEY AUTOINCREMENT, "app_label" varchar(100) NOT NULL, "model" varchar(100) NOT NULL);
INSERT INTO "django_content_type" VALUES(1,'admin','logentry');
INSERT INTO "django_content_type" VALUES(2,'auth','permission');
INSERT INTO "django_content_type" VALUES(3,'auth','group');
INSERT INTO "django_content_type" VALUES(4,'auth','user');
INSERT INTO "django_content_type" VALUES(5,'contenttypes','contenttype');
INSERT INTO "django_content_type" VALUES(6,'sessions','session');
INSERT INTO "django_content_type" VALUES(7,'website','sub_category');
INSERT INTO "django_content_type" VALUES(8,'website','quiz');
INSERT INTO "django_content_type" VALUES(9,'website','category');
INSERT INTO "django_content_type" VALUES(10,'website','choice');
INSERT INTO "django_content_type" VALUES(11,'website','course');
INSERT INTO "django_content_type" VALUES(12,'website','question');
INSERT INTO "django_content_type" VALUES(13,'django_summernote','attachment');
INSERT INTO "django_content_type" VALUES(14,'quiz','quesmodel');
INSERT INTO "django_content_type" VALUES(15,'website','subject');
CREATE UNIQUE INDEX "auth_group_permissions_group_id_permission_id_0cd325b0_uniq" ON "auth_group_permissions" ("group_id", "permission_id");
CREATE INDEX IF NOT EXISTS "auth_group_permissions_group_id_b120cbf9" ON "auth_group_permissions" ("group_id");
CREATE INDEX IF NOT EXISTS "auth_group_permissions_permission_id_84c5c92e" ON "auth_group_permissions" ("permission_id");
CREATE UNIQUE INDEX "auth_user_groups_user_id_group_id_94350c0c_uniq" ON "auth_user_groups" ("user_id", "group_id");
CREATE INDEX IF NOT EXISTS "auth_user_groups_user_id_6a12ed8b" ON "auth_user_groups" ("user_id");
CREATE INDEX IF NOT EXISTS "auth_user_groups_group_id_97559544" ON "auth_user_groups" ("group_id");
CREATE UNIQUE INDEX "auth_user_user_permissions_user_id_permission_id_14a6b632_uniq" ON "auth_user_user_permissions" ("user_id", "permission_id");
CREATE INDEX IF NOT EXISTS "auth_user_user_permissions_user_id_a95ead1b" ON "auth_user_user_permissions" ("user_id");
CREATE INDEX IF NOT EXISTS "auth_user_user_permissions_permission_id_1fbb5f2c" ON "auth_user_user_permissions" ("permission_id");
CREATE INDEX IF NOT EXISTS "django_admin_log_content_type_id_c4bce8eb" ON "django_admin_log" ("content_type_id");
CREATE INDEX IF NOT EXISTS "django_admin_log_user_id_c564eba6" ON "django_admin_log" ("user_id");
CREATE UNIQUE INDEX "django_content_type_app_label_model_76bd3d3b_uniq" ON "django_content_type" ("app_label", "model");
CREATE UNIQUE INDEX "auth_permission_content_type_id_codename_01ab375a_uniq" ON "auth_permission" ("content_type_id", "codename");
CREATE INDEX IF NOT EXISTS "auth_permission_content_type_id_2f476e4b" ON "auth_permission" ("content_type_id");
CREATE INDEX IF NOT EXISTS "django_session_expire_date_a5c62663" ON "django_session" ("expire_date");
CREATE INDEX IF NOT EXISTS "website_quiz_course_id_e20b28b8" ON "website_quiz" ("course_id");
CREATE INDEX IF NOT EXISTS "website_question_quiz_id_fe97b76a" ON "website_question" ("quiz_id");
CREATE INDEX IF NOT EXISTS "website_choice_question_id_76086f40" ON "website_choice" ("question_id");
CREATE INDEX IF NOT EXISTS "website_sub_category_category_id_4a80f845" ON "website_sub_category" ("category_id");
CREATE INDEX IF NOT EXISTS "quiz_quesmodel_course_subtitle_id_78319d33" ON "quiz_quesmodel" ("course_subtitle_id");
CREATE INDEX IF NOT EXISTS "website_subject_course_id_07af432f" ON "website_subject" ("course_id");
CREATE INDEX IF NOT EXISTS "website_category_subject_id_4b9afb90" ON "website_category" ("subject_id");
CREATE TABLE IF NOT EXISTS "django_migrations" ("id" integer NOT NULL PRIMARY KEY AUTOINCREMENT, "app" varchar(255) NOT NULL, "name" varchar(255) NOT NULL, "applied" datetime NOT NULL);
INSERT INTO "django_migrations" VALUES(1,'contenttypes','0001_initial','2023-12-21 14:07:19.070921');
INSERT INTO "django_migrations" VALUES(2,'auth','0001_initial','2023-12-21 14:07:19.129801');
INSERT INTO "django_migrations" VALUES(3,'admin','0001_initial','2023-12-21 14:07:19.166612');
INSERT INTO "django_migrations" VALUES(4,'admin','0002_logentry_remove_auto_add','2023-12-21 14:07:19.193963');
INSERT INTO "django_migrations" VALUES(5,'admin','0003_logentry_add_action_flag_choices','2023-12-21 14:07:19.231729');
INSERT INTO "django_migrations" VALUES(6,'contenttypes','0002_remove_content_type_name','2023-12-21 14:07:19.261093');
INSERT INTO "django_migrations" VALUES(7,'auth','0002_alter_permission_name_max_length','2023-12-21 14:07:19.291776');
INSERT INTO "django_migrations" VALUES(8,'auth','0003_alter_user_email_max_length','2023-12-21 14:07:19.321146');
INSERT INTO "django_migrations" VALUES(9,'auth','0004_alter_user_username_opts','2023-12-21 14:07:19.347180');
INSERT INTO "django_migrations" VALUES(10,'auth','0005_alter_user_last_login_null','2023-12-21 14:07:19.372323');
INSERT INTO "django_migrations" VALUES(11,'auth','0006_require_contenttypes_0002','2023-12-21 14:07:19.387414');
INSERT INTO "django_migrations" VALUES(12,'auth','0007_alter_validators_add_error_messages','2023-12-21 14:07:19.409966');
INSERT INTO "django_migrations" VALUES(13,'auth','0008_alter_user_username_max_length','2023-12-21 14:07:19.460521');
INSERT INTO "django_migrations" VALUES(14,'auth','0009_alter_user_last_name_max_length','2023-12-21 14:07:19.510640');
INSERT INTO "django_migrations" VALUES(15,'auth','0010_alter_group_name_max_length','2023-12-21 14:07:19.543904');
INSERT INTO "django_migrations" VALUES(16,'auth','0011_update_proxy_permissions','2023-12-21 14:07:19.578776');
INSERT INTO "django_migrations" VALUES(17,'auth','0012_alter_user_first_name_max_length','2023-12-21 14:07:19.645587');
INSERT INTO "django_migrations" VALUES(18,'sessions','0001_initial','2023-12-21 14:07:19.708020');
INSERT INTO "django_migrations" VALUES(19,'website','0001_initial','2023-12-27 16:36:24.099593');
INSERT INTO "django_migrations" VALUES(20,'django_summernote','0001_initial','2023-12-30 09:18:16.037354');
INSERT INTO "django_migrations" VALUES(21,'django_summernote','0002_update-help_text','2023-12-30 09:18:16.050976');
INSERT INTO "django_migrations" VALUES(22,'django_summernote','0003_alter_attachment_id','2024-01-06 13:15:51.676305');
INSERT INTO "django_migrations" VALUES(23,'quiz','0001_initial','2024-01-10 17:21:05.188119');
INSERT INTO "django_migrations" VALUES(24,'quiz','0002_alter_quesmodel_ans','2024-01-10 17:21:05.247245');
INSERT INTO "django_migrations" VALUES(25,'quiz','0003_quesmodel_course','2024-01-10 17:21:05.292763');
INSERT INTO "django_migrations" VALUES(26,'website','0002_alter_sub_category_details','2024-01-10 17:21:05.369313');
INSERT INTO "django_migrations" VALUES(27,'website','0003_sub_category_image_upload','2024-01-10 17:21:05.443228');
INSERT INTO "django_migrations" VALUES(28,'website','0004_alter_sub_category_image_upload','2024-01-10 17:21:05.503802');
INSERT INTO "django_migrations" VALUES(29,'quiz','0004_quesmodel_course_subtitle','2024-01-13 18:44:54.694908');
INSERT INTO "django_migrations" VALUES(30,'website','0005_remove_category_course_subject_category_subject','2024-01-30 16:13:35.184840');
CREATE UNIQUE INDEX "auth_group_permissions_group_id_permission_id_0cd325b0_uniq" ON "auth_group_permissions" ("group_id", "permission_id");
CREATE INDEX IF NOT EXISTS "auth_group_permissions_group_id_b120cbf9" ON "auth_group_permissions" ("group_id");
CREATE INDEX IF NOT EXISTS "auth_group_permissions_permission_id_84c5c92e" ON "auth_group_permissions" ("permission_id");
CREATE UNIQUE INDEX "auth_user_groups_user_id_group_id_94350c0c_uniq" ON "auth_user_groups" ("user_id", "group_id");
CREATE INDEX IF NOT EXISTS "auth_user_groups_user_id_6a12ed8b" ON "auth_user_groups" ("user_id");
CREATE INDEX IF NOT EXISTS "auth_user_groups_group_id_97559544" ON "auth_user_groups" ("group_id");
CREATE UNIQUE INDEX "auth_user_user_permissions_user_id_permission_id_14a6b632_uniq" ON "auth_user_user_permissions" ("user_id", "permission_id");
CREATE INDEX IF NOT EXISTS "auth_user_user_permissions_user_id_a95ead1b" ON "auth_user_user_permissions" ("user_id");
CREATE INDEX IF NOT EXISTS "auth_user_user_permissions_permission_id_1fbb5f2c" ON "auth_user_user_permissions" ("permission_id");
CREATE INDEX IF NOT EXISTS "django_admin_log_content_type_id_c4bce8eb" ON "django_admin_log" ("content_type_id");
CREATE INDEX IF NOT EXISTS "django_admin_log_user_id_c564eba6" ON "django_admin_log" ("user_id");
CREATE UNIQUE INDEX "django_content_type_app_label_model_76bd3d3b_uniq" ON "django_content_type" ("app_label", "model");
CREATE UNIQUE INDEX "auth_permission_content_type_id_codename_01ab375a_uniq" ON "auth_permission" ("content_type_id", "codename");
CREATE INDEX IF NOT EXISTS "auth_permission_content_type_id_2f476e4b" ON "auth_permission" ("content_type_id");
CREATE INDEX IF NOT EXISTS "django_session_expire_date_a5c62663" ON "django_session" ("expire_date");
CREATE INDEX IF NOT EXISTS "website_quiz_course_id_e20b28b8" ON "website_quiz" ("course_id");
CREATE INDEX IF NOT EXISTS "website_question_quiz_id_fe97b76a" ON "website_question" ("quiz_id");
CREATE INDEX IF NOT EXISTS "website_choice_question_id_76086f40" ON "website_choice" ("question_id");
CREATE INDEX IF NOT EXISTS "website_sub_category_category_id_4a80f845" ON "website_sub_category" ("category_id");
CREATE INDEX IF NOT EXISTS "quiz_quesmodel_course_subtitle_id_78319d33" ON "quiz_quesmodel" ("course_subtitle_id");
CREATE INDEX IF NOT EXISTS "website_subject_course_id_07af432f" ON "website_subject" ("course_id");
CREATE INDEX IF NOT EXISTS "website_category_subject_id_4b9afb90" ON "website_category" ("subject_id");
CREATE TABLE IF NOT EXISTS "django_session" ("session_key" varchar(40) NOT NULL PRIMARY KEY, "session_data" text NOT NULL, "expire_date" datetime NOT NULL);
INSERT INTO "django_session" VALUES('kqgw11yon6t1fhc9thel2mfn69r6ejqi','e30:1rGLlV:QwGV9zzIEiZt8AEDPpK9WgwooO0b_umwQ3kUwTbSBx4','2024-01-04 16:19:17.597099');
INSERT INTO "django_session" VALUES('5rew05h3ker869v6lyxtg3zdnc3lziu5','.eJxVjMsOwiAUBf-FtSGFXqC4dO83NPcBUjU0Ke3K-O_apAvdnpk5LzXitpZxa2kZJ1FnZdTpdyPkR6o7kDvW26x5rusykd4VfdCmr7Ok5-Vw_w4KtvKtY0yBPMsAAoCA1lpO4BMQswOJXZ9tEDPEPpscsHPUU_SMxgG4Lnv1_gDtdjfV:1rGM2c:HUooSZDjU3pc-n7TE4Uc3Ik9IK4riiU-rvhnQV5RDKI','2024-01-04 16:36:58.104608');
INSERT INTO "django_session" VALUES('4lzo16u2c4hszcdxs9ryonj2q7cmixlq','.eJxVjM0OwiAQhN-FsyHyYxc8eu8zkF1YpGogKe3J-O62SQ-azGm-b-YtAq5LCWvnOUxJXIUSp9-OMD657iA9sN6bjK0u80RyV-RBuxxb4tftcP8OCvayreNZD85qgkRM2Vlvt7Bl0M5fYLBg2WmtjKMIEXRCIm8MKGWQc_ZZfL7LuDeP:1rJF8H:aHvvfrltQcv9g3dNRb8sXhVJp42-zG2X2IzisUEuItM','2024-01-12 15:50:45.873600');
INSERT INTO "django_session" VALUES('pv7s7t4iaiwqc6wyyu372lnxz6fpzocs','.eJxVjEEOwiAQRe_C2hAGOhnq0r1nIAMMUjU0Ke3KeHdt0oVu_3vvv1Tgba1h67KEKauzAnX63SKnh7Qd5Du326zT3NZlinpX9EG7vs5ZnpfD_Tuo3Ou3Nh6MdeQ5ic3gOFJ0o3GFMJviGIkIhXwCRjNi5MGjAxCxlCKVwaj3B8WsNzU:1rM6Z5:jNFoT-NyTz0ZYSScBAG3Grwn_OU0_wy1caJZmeTn2GE','2024-01-20 13:18:15.359468');
INSERT INTO "django_session" VALUES('9nzi4ki6nfs0u668dwcwl0m7qdntivt9','.eJxVjEEOwiAQRe_C2pCxUBhcuu8ZCDMMUjVtUtqV8e7apAvd_vfef6mYtrXGrckSx6wu6qxOvxslfsi0g3xP023WPE_rMpLeFX3Qpoc5y_N6uH8HNbX6rQMxWodSfIAExnXZQCcEjNBzyD4n7MGgLwROLBc0ngQtIXprimH1_gDa1je4:1rM80N:FRASufmkoFFuj5AGpgZPy16Qnfet_Ck_ls5pa4QVOzI','2024-01-20 14:50:31.335214');
INSERT INTO "django_session" VALUES('scwkspm2mheygs8oavoykhh9bae8k150','.eJxVjEEOwiAQRe_C2pCxUBhcuu8ZCDMMUjVtUtqV8e7apAvd_vfef6mYtrXGrckSx6wu6qxOvxslfsi0g3xP023WPE_rMpLeFX3Qpoc5y_N6uH8HNbX6rQMxWodSfIAExnXZQCcEjNBzyD4n7MGgLwROLBc0ngQtIXprimH1_gDa1je4:1rMAQh:x5G9kffrl0NKDQfY93BftGv0ik79_QIU46RsgggoAd8','2024-01-20 17:25:51.629363');
INSERT INTO "django_session" VALUES('7vt9ca5ryck9gfsqzcj6ihpeox4ls78u','.eJxVjEEOwiAQRe_C2pCxUBhcuu8ZCDMMUjVtUtqV8e7apAvd_vfef6mYtrXGrckSx6wu6qxOvxslfsi0g3xP023WPE_rMpLeFX3Qpoc5y_N6uH8HNbX6rQMxWodSfIAExnXZQCcEjNBzyD4n7MGgLwROLBc0ngQtIXprimH1_gDa1je4:1rMKH0:xQWh6Gb8TR4Z2WrxZrTQZz47oZfCJVvZL8nyIvfkI6E','2024-01-21 03:56:30.084454');
INSERT INTO "django_session" VALUES('ycu8nj7ixor5g56pfkg3kbvh0j6h55wv','.eJxVjEEOwiAQRe_C2pCxUBhcuu8ZCDMMUjVtUtqV8e7apAvd_vfef6mYtrXGrckSx6wu6qxOvxslfsi0g3xP023WPE_rMpLeFX3Qpoc5y_N6uH8HNbX6rQMxWodSfIAExnXZQCcEjNBzyD4n7MGgLwROLBc0ngQtIXprimH1_gDa1je4:1rNuC8:n1tG6yzRU4KbqGnx9N2Jrxhi5D9sj5vRqC8_pxI52l0','2024-01-25 12:30:00.255659');
INSERT INTO "django_session" VALUES('w8izg1a5hbge56lrvsovf7mksk8lk0jm','.eJxVjEEOwiAQRe_C2hCgHSgu3XsGMjAztmpKUtqV8e7apAvd_vfef6mE2zqmrfGSJlJn5dXpd8tYHjzvgO4436oudV6XKetd0Qdt-lqJn5fD_TsYsY3f2sQORQz07PqMvutdCNEFCF4EC4D1nqRDjGDZEg0GB7ZsxIkXgiDq_QHZRTgS:1rQ9dO:ntO1N9n8bVYIHIeHdtoCKNHHRbQ3-B4S0jbT2CDgfzY','2024-01-31 17:23:26.192497');
INSERT INTO "django_session" VALUES('e2x1rrr8jjconwf0d0cf1pivomac86t8','.eJxVjEEOwiAQRe_C2hCgHSgu3XsGMjAztmpKUtqV8e7apAvd_vfef6mE2zqmrfGSJlJn5dXpd8tYHjzvgO4436oudV6XKetd0Qdt-lqJn5fD_TsYsY3f2sQORQz07PqMvutdCNEFCF4EC4D1nqRDjGDZEg0GB7ZsxIkXgiDq_QHZRTgS:1rQ9dO:ntO1N9n8bVYIHIeHdtoCKNHHRbQ3-B4S0jbT2CDgfzY','2024-01-31 17:23:26.319494');
INSERT INTO "django_session" VALUES('wngih0zrg1uu555r0mz2fae9l9zkz8cb','.eJxVjEEOwiAQRe_C2hCgHSgu3XsGMjAztmpKUtqV8e7apAvd_vfef6mE2zqmrfGSJlJn5dXpd8tYHjzvgO4436oudV6XKetd0Qdt-lqJn5fD_TsYsY3f2sQORQz07PqMvutdCNEFCF4EC4D1nqRDjGDZEg0GB7ZsxIkXgiDq_QHZRTgS:1rQ9mo:wVCrasTiEyFxm27Ixg6rXAoMaN_orCqIhPfUoVUlOVo','2024-01-31 17:33:10.533954');
INSERT INTO "django_session" VALUES('l8unlf92duvec4214woksgyrl4sgi6ke','.eJxVjEEOwiAQRe_C2hCgHSgu3XsGMjAztmpKUtqV8e7apAvd_vfef6mE2zqmrfGSJlJn5dXpd8tYHjzvgO4436oudV6XKetd0Qdt-lqJn5fD_TsYsY3f2sQORQz07PqMvutdCNEFCF4EC4D1nqRDjGDZEg0GB7ZsxIkXgiDq_QHZRTgS:1rQACz:ioQRUVbLRl4hZGouXTShZAj8EEAJQnkaFKp6Wq3s170','2024-01-31 18:00:13.838641');
INSERT INTO "django_session" VALUES('6jc9c6u08ncwou5u52tq60r595y670jw','.eJxVjEEOwiAQRe_C2hCgHSgu3XsGMjAztmpKUtqV8e7apAvd_vfef6mE2zqmrfGSJlJn5dXpd8tYHjzvgO4436oudV6XKetd0Qdt-lqJn5fD_TsYsY3f2sQORQz07PqMvutdCNEFCF4EC4D1nqRDjGDZEg0GB7ZsxIkXgiDq_QHZRTgS:1rQACz:ioQRUVbLRl4hZGouXTShZAj8EEAJQnkaFKp6Wq3s170','2024-01-31 18:00:13.959995');
INSERT INTO "django_session" VALUES('awf09odi4pak3956vlpe7o7eyjwbyxvf','.eJxVjEEOwiAQRe_C2hCgHSgu3XsGMjAztmpKUtqV8e7apAvd_vfef6mE2zqmrfGSJlJn5dXpd8tYHjzvgO4436oudV6XKetd0Qdt-lqJn5fD_TsYsY3f2sQORQz07PqMvutdCNEFCF4EC4D1nqRDjGDZEg0GB7ZsxIkXgiDq_QHZRTgS:1rQAD0:YB0FqEGSs_BJXi16EkYbkrMVtijZkoC8E9Tt3Bxepvk','2024-01-31 18:00:14.146474');
INSERT INTO "django_session" VALUES('2x0v3u6b4bafi882po94ha89b6q5q1w7','.eJxVjEEOwiAQRe_C2pCxUBhcuu8ZCDMMUjVtUtqV8e7apAvd_vfef6mYtrXGrckSx6wu6qxOvxslfsi0g3xP023WPE_rMpLeFX3Qpoc5y_N6uH8HNbX6rQMxWodSfIAExnXZQCcEjNBzyD4n7MGgLwROLBc0ngQtIXprimH1_gDa1je4:1rUqkp:2DvCmiBwbHTjhanYYibzshwG323MFXgscR8QDFm2C5Y','2024-02-13 16:14:31.444322');
CREATE UNIQUE INDEX "auth_group_permissions_group_id_permission_id_0cd325b0_uniq" ON "auth_group_permissions" ("group_id", "permission_id");
CREATE INDEX IF NOT EXISTS "auth_group_permissions_group_id_b120cbf9" ON "auth_group_permissions" ("group_id");
CREATE INDEX IF NOT EXISTS "auth_group_permissions_permission_id_84c5c92e" ON "auth_group_permissions" ("permission_id");
CREATE UNIQUE INDEX "auth_user_groups_user_id_group_id_94350c0c_uniq" ON "auth_user_groups" ("user_id", "group_id");
CREATE INDEX IF NOT EXISTS "auth_user_groups_user_id_6a12ed8b" ON "auth_user_groups" ("user_id");
CREATE INDEX IF NOT EXISTS "auth_user_groups_group_id_97559544" ON "auth_user_groups" ("group_id");
CREATE UNIQUE INDEX "auth_user_user_permissions_user_id_permission_id_14a6b632_uniq" ON "auth_user_user_permissions" ("user_id", "permission_id");
CREATE INDEX IF NOT EXISTS "auth_user_user_permissions_user_id_a95ead1b" ON "auth_user_user_permissions" ("user_id");
CREATE INDEX IF NOT EXISTS "auth_user_user_permissions_permission_id_1fbb5f2c" ON "auth_user_user_permissions" ("permission_id");
CREATE INDEX IF NOT EXISTS "django_admin_log_content_type_id_c4bce8eb" ON "django_admin_log" ("content_type_id");
CREATE INDEX IF NOT EXISTS "django_admin_log_user_id_c564eba6" ON "django_admin_log" ("user_id");
CREATE UNIQUE INDEX "django_content_type_app_label_model_76bd3d3b_uniq" ON "django_content_type" ("app_label", "model");
CREATE UNIQUE INDEX "auth_permission_content_type_id_codename_01ab375a_uniq" ON "auth_permission" ("content_type_id", "codename");
CREATE INDEX IF NOT EXISTS "auth_permission_content_type_id_2f476e4b" ON "auth_permission" ("content_type_id");
CREATE INDEX IF NOT EXISTS "django_session_expire_date_a5c62663" ON "django_session" ("expire_date");
CREATE INDEX IF NOT EXISTS "website_quiz_course_id_e20b28b8" ON "website_quiz" ("course_id");
CREATE INDEX IF NOT EXISTS "website_question_quiz_id_fe97b76a" ON "website_question" ("quiz_id");
CREATE INDEX IF NOT EXISTS "website_choice_question_id_76086f40" ON "website_choice" ("question_id");
CREATE INDEX IF NOT EXISTS "website_sub_category_category_id_4a80f845" ON "website_sub_category" ("category_id");
CREATE INDEX IF NOT EXISTS "quiz_quesmodel_course_subtitle_id_78319d33" ON "quiz_quesmodel" ("course_subtitle_id");
CREATE INDEX IF NOT EXISTS "website_subject_course_id_07af432f" ON "website_subject" ("course_id");
CREATE INDEX IF NOT EXISTS "website_category_subject_id_4b9afb90" ON "website_category" ("subject_id");
CREATE TABLE IF NOT EXISTS "django_summernote_attachment" ("id" integer NOT NULL PRIMARY KEY AUTOINCREMENT, "name" varchar(255) NULL, "file" varchar(100) NOT NULL, "uploaded" datetime NOT NULL);
CREATE UNIQUE INDEX "auth_group_permissions_group_id_permission_id_0cd325b0_uniq" ON "auth_group_permissions" ("group_id", "permission_id");
CREATE INDEX IF NOT EXISTS "auth_group_permissions_group_id_b120cbf9" ON "auth_group_permissions" ("group_id");
CREATE INDEX IF NOT EXISTS "auth_group_permissions_permission_id_84c5c92e" ON "auth_group_permissions" ("permission_id");
CREATE UNIQUE INDEX "auth_user_groups_user_id_group_id_94350c0c_uniq" ON "auth_user_groups" ("user_id", "group_id");
CREATE INDEX IF NOT EXISTS "auth_user_groups_user_id_6a12ed8b" ON "auth_user_groups" ("user_id");
CREATE INDEX IF NOT EXISTS "auth_user_groups_group_id_97559544" ON "auth_user_groups" ("group_id");
CREATE UNIQUE INDEX "auth_user_user_permissions_user_id_permission_id_14a6b632_uniq" ON "auth_user_user_permissions" ("user_id", "permission_id");
CREATE INDEX IF NOT EXISTS "auth_user_user_permissions_user_id_a95ead1b" ON "auth_user_user_permissions" ("user_id");
CREATE INDEX IF NOT EXISTS "auth_user_user_permissions_permission_id_1fbb5f2c" ON "auth_user_user_permissions" ("permission_id");
CREATE INDEX IF NOT EXISTS "django_admin_log_content_type_id_c4bce8eb" ON "django_admin_log" ("content_type_id");
CREATE INDEX IF NOT EXISTS "django_admin_log_user_id_c564eba6" ON "django_admin_log" ("user_id");
CREATE UNIQUE INDEX "django_content_type_app_label_model_76bd3d3b_uniq" ON "django_content_type" ("app_label", "model");
CREATE UNIQUE INDEX "auth_permission_content_type_id_codename_01ab375a_uniq" ON "auth_permission" ("content_type_id", "codename");
CREATE INDEX IF NOT EXISTS "auth_permission_content_type_id_2f476e4b" ON "auth_permission" ("content_type_id");
CREATE INDEX IF NOT EXISTS "django_session_expire_date_a5c62663" ON "django_session" ("expire_date");
CREATE INDEX IF NOT EXISTS "website_quiz_course_id_e20b28b8" ON "website_quiz" ("course_id");
CREATE INDEX IF NOT EXISTS "website_question_quiz_id_fe97b76a" ON "website_question" ("quiz_id");
CREATE INDEX IF NOT EXISTS "website_choice_question_id_76086f40" ON "website_choice" ("question_id");
CREATE INDEX IF NOT EXISTS "website_sub_category_category_id_4a80f845" ON "website_sub_category" ("category_id");
CREATE INDEX IF NOT EXISTS "quiz_quesmodel_course_subtitle_id_78319d33" ON "quiz_quesmodel" ("course_subtitle_id");
CREATE INDEX IF NOT EXISTS "website_subject_course_id_07af432f" ON "website_subject" ("course_id");
CREATE INDEX IF NOT EXISTS "website_category_subject_id_4b9afb90" ON "website_category" ("subject_id");
CREATE TABLE IF NOT EXISTS "quiz_quesmodel" ("id" integer NOT NULL PRIMARY KEY AUTOINCREMENT, "question" varchar(200) NULL, "op1" varchar(200) NULL, "op2" varchar(200) NULL, "op3" varchar(200) NULL, "op4" varchar(200) NULL, "ans" varchar(100) NOT NULL, "course" varchar(200) NULL, "course_subtitle_id" bigint NULL REFERENCES "website_sub_category" ("id") DEFERRABLE INITIALLY DEFERRED);
INSERT INTO "quiz_quesmodel" VALUES(1,'What does CPU stand for?','Central Processing Unit','Central Process Unit','Computer Personal Unit','None of the above','option1','Nec',242);
INSERT INTO "quiz_quesmodel" VALUES(2,'Which one of these is not a programming language?','Python','Java','HTML','C++','option3','Nec',NULL);
INSERT INTO "quiz_quesmodel" VALUES(3,'What is the binary equivalent of 15?','1010','1101','1111','1001','option3','Nec',NULL);
INSERT INTO "quiz_quesmodel" VALUES(4,'Which type of memory is volatile?','RAM','ROM','Cache Memory','Hard Disk','option1','Nec',NULL);
INSERT INTO "quiz_quesmodel" VALUES(5,'What is the full form of HTML?','Hyper Text Markup Language','High Tech Markup Language','Hyperlink Text Markup Language','None of the above','option1','Nec',NULL);
INSERT INTO "quiz_quesmodel" VALUES(6,'Which sorting algorithm has the worst time complexity in most cases?','Bubble Sort','Quick Sort','Merge Sort','Insertion Sort','option1','Nec',NULL);
INSERT INTO "quiz_quesmodel" VALUES(7,'What is the purpose of an IP address?','To uniquely identify a device on a network','To identify the brand of a device','To determine the location of a device','To find the device owner','option1','Nec',NULL);
INSERT INTO "quiz_quesmodel" VALUES(8,'What is the purpose of a firewall?','To block unauthorized access to a network','To boost internet speed','To amplify Wi-Fi signals','To improve device performance','option1','Nec',NULL);
INSERT INTO "quiz_quesmodel" VALUES(9,'Which of the following is a high-level programming language?','Assembly language','Machine language','Python','Binary code','option3','Nec',NULL);
INSERT INTO "quiz_quesmodel" VALUES(10,'What is the purpose of a compiler?','To convert high-level language to machine code','To execute code','To store data','To design user interfaces','option1','Nec',NULL);
INSERT INTO "quiz_quesmodel" VALUES(11,'Which of the following is a hardware component?','Operating System','RAM','Compiler','Web Browser','option2','Nec',NULL);
INSERT INTO "quiz_quesmodel" VALUES(12,'What does LAN stand for?','Large Area Network','Local Area Network','Long Antenna Network','Low-level Authentication Network','option2','Nec',NULL);
INSERT INTO "quiz_quesmodel" VALUES(13,'What is the role of a router in a network?','To connect multiple networks and forward data packets','To protect against viruses','To manage power supply','To enhance the screen resolution','option1','Nec',NULL);
INSERT INTO "quiz_quesmodel" VALUES(14,'Which programming language is known as a "scripting language"?','C','Java','Python','C++','option3','Nec',NULL);
INSERT INTO "quiz_quesmodel" VALUES(15,'What is the primary function of an operating system?','To manage hardware resources and provide services for application software','To create presentations','To perform complex mathematical calculations','To secure a network','option1','Nec',NULL);
INSERT INTO "quiz_quesmodel" VALUES(16,'Which of the following is NOT a type of computer memory?','RAM','ROM','CPU','Cache Memory','option3','Nec',NULL);
INSERT INTO "quiz_quesmodel" VALUES(17,'What is the function of a compiler?','Translates high-level programming language into machine language','Manages memory allocation','Connects devices in a network','Performs calculations','option1','Nec',NULL);
INSERT INTO "quiz_quesmodel" VALUES(18,'Which of the following is an example of a secondary storage device?','RAM','CPU','Hard Disk Drive','Cache Memory','option3','Nec',NULL);
INSERT INTO "quiz_quesmodel" VALUES(19,'What is the purpose of an IP address?','To uniquely identify a device on a network','To connect peripherals to a computer','To increase processing speed','To measure battery power','option1','Nec',NULL);
INSERT INTO "quiz_quesmodel" VALUES(20,'Which one of the following is an example of an input device?','Printer','Keyboard','Monitor','Speakers','option2','Nec',NULL);
INSERT INTO "quiz_quesmodel" VALUES(21,'What does CPU stand for?','Central Processing Unit','Central Process Unit','Computer Personal Unit','None of the above','option1','Nec',NULL);
INSERT INTO "quiz_quesmodel" VALUES(22,'Which one of these is not a programming language?','Python','Java','HTML','C++','option3','Nec',NULL);
INSERT INTO "quiz_quesmodel" VALUES(23,'What is the binary equivalent of 15?','1010','1101','1111','1001','option3','Nec',NULL);
INSERT INTO "quiz_quesmodel" VALUES(24,'Which type of memory is volatile?','RAM','ROM','Cache Memory','Hard Disk','option1','Nec',NULL);
INSERT INTO "quiz_quesmodel" VALUES(25,'What is the full form of HTML?','Hyper Text Markup Language','High Tech Markup Language','Hyperlink Text Markup Language','None of the above','option1','Nec',NULL);
INSERT INTO "quiz_quesmodel" VALUES(26,'Which sorting algorithm has the worst time complexity in most cases?','Bubble Sort','Quick Sort','Merge Sort','Insertion Sort','option1','Nec',NULL);
INSERT INTO "quiz_quesmodel" VALUES(27,'What is the purpose of an IP address?','To uniquely identify a device on a network','To identify the brand of a device','To determine the location of a device','To find the device owner','option1','Nec',NULL);
INSERT INTO "quiz_quesmodel" VALUES(28,'What is the purpose of a firewall?','To block unauthorized access to a network','To boost internet speed','To amplify Wi-Fi signals','To improve device performance','option1','Nec',NULL);
INSERT INTO "quiz_quesmodel" VALUES(29,'Which of the following is a high-level programming language?','Assembly language','Machine language','Python','Binary code','option3','Nec',NULL);
INSERT INTO "quiz_quesmodel" VALUES(30,'What is the purpose of a compiler?','To convert high-level language to machine code','To execute code','To store data','To design user interfaces','option1','Nec',NULL);
INSERT INTO "quiz_quesmodel" VALUES(31,'Which of the following is a hardware component?','Operating System','RAM','Compiler','Web Browser','option2','Nec',NULL);
INSERT INTO "quiz_quesmodel" VALUES(32,'What does LAN stand for?','Large Area Network','Local Area Network','Long Antenna Network','Low-level Authentication Network','option2','Nec',NULL);
INSERT INTO "quiz_quesmodel" VALUES(33,'What is the role of a router in a network?','To connect multiple networks and forward data packets','To protect against viruses','To manage power supply','To enhance the screen resolution','option1','Nec',NULL);
INSERT INTO "quiz_quesmodel" VALUES(34,'Which programming language is known as a "scripting language"?','C','Java','Python','C++','option3','Nec',NULL);
INSERT INTO "quiz_quesmodel" VALUES(35,'What is the primary function of an operating system?','To manage hardware resources and provide services for application software','To create presentations','To perform complex mathematical calculations','To secure a network','option1','Nec',NULL);
INSERT INTO "quiz_quesmodel" VALUES(36,'Which of the following is NOT a type of computer memory?','RAM','ROM','CPU','Cache Memory','option3','Nec',NULL);
INSERT INTO "quiz_quesmodel" VALUES(37,'What is the function of a compiler?','Translates high-level programming language into machine language','Manages memory allocation','Connects devices in a network','Performs calculations','option1','Nec',NULL);
INSERT INTO "quiz_quesmodel" VALUES(38,'Which of the following is an example of a secondary storage device?','RAM','CPU','Hard Disk Drive','Cache Memory','option3','Nec',NULL);
INSERT INTO "quiz_quesmodel" VALUES(39,'What is the purpose of an IP address?','To uniquely identify a device on a network','To connect peripherals to a computer','To increase processing speed','To measure battery power','option1','Nec',NULL);
INSERT INTO "quiz_quesmodel" VALUES(40,'Which one of the following is an example of an input device?','Printer','Keyboard','Monitor','Speakers','option2','Nec',NULL);
CREATE UNIQUE INDEX "auth_group_permissions_group_id_permission_id_0cd325b0_uniq" ON "auth_group_permissions" ("group_id", "permission_id");
CREATE INDEX IF NOT EXISTS "auth_group_permissions_group_id_b120cbf9" ON "auth_group_permissions" ("group_id");
CREATE INDEX IF NOT EXISTS "auth_group_permissions_permission_id_84c5c92e" ON "auth_group_permissions" ("permission_id");
CREATE UNIQUE INDEX "auth_user_groups_user_id_group_id_94350c0c_uniq" ON "auth_user_groups" ("user_id", "group_id");
CREATE INDEX IF NOT EXISTS "auth_user_groups_user_id_6a12ed8b" ON "auth_user_groups" ("user_id");
CREATE INDEX IF NOT EXISTS "auth_user_groups_group_id_97559544" ON "auth_user_groups" ("group_id");
CREATE UNIQUE INDEX "auth_user_user_permissions_user_id_permission_id_14a6b632_uniq" ON "auth_user_user_permissions" ("user_id", "permission_id");
CREATE INDEX IF NOT EXISTS "auth_user_user_permissions_user_id_a95ead1b" ON "auth_user_user_permissions" ("user_id");
CREATE INDEX IF NOT EXISTS "auth_user_user_permissions_permission_id_1fbb5f2c" ON "auth_user_user_permissions" ("permission_id");
CREATE INDEX IF NOT EXISTS "django_admin_log_content_type_id_c4bce8eb" ON "django_admin_log" ("content_type_id");
CREATE INDEX IF NOT EXISTS "django_admin_log_user_id_c564eba6" ON "django_admin_log" ("user_id");
CREATE UNIQUE INDEX "django_content_type_app_label_model_76bd3d3b_uniq" ON "django_content_type" ("app_label", "model");
CREATE UNIQUE INDEX "auth_permission_content_type_id_codename_01ab375a_uniq" ON "auth_permission" ("content_type_id", "codename");
CREATE INDEX IF NOT EXISTS "auth_permission_content_type_id_2f476e4b" ON "auth_permission" ("content_type_id");
CREATE INDEX IF NOT EXISTS "django_session_expire_date_a5c62663" ON "django_session" ("expire_date");
CREATE INDEX IF NOT EXISTS "website_quiz_course_id_e20b28b8" ON "website_quiz" ("course_id");
CREATE INDEX IF NOT EXISTS "website_question_quiz_id_fe97b76a" ON "website_question" ("quiz_id");
CREATE INDEX IF NOT EXISTS "website_choice_question_id_76086f40" ON "website_choice" ("question_id");
CREATE INDEX IF NOT EXISTS "website_sub_category_category_id_4a80f845" ON "website_sub_category" ("category_id");
CREATE INDEX IF NOT EXISTS "quiz_quesmodel_course_subtitle_id_78319d33" ON "quiz_quesmodel" ("course_subtitle_id");
CREATE INDEX IF NOT EXISTS "website_subject_course_id_07af432f" ON "website_subject" ("course_id");
CREATE INDEX IF NOT EXISTS "website_category_subject_id_4b9afb90" ON "website_category" ("subject_id");
CREATE TABLE IF NOT EXISTS "website_category" ("id" integer NOT NULL PRIMARY KEY AUTOINCREMENT, "name" varchar(100) NOT NULL, "subject_id" bigint NULL REFERENCES "website_subject" ("id") DEFERRABLE INITIALLY DEFERRED);
INSERT INTO "website_category" VALUES(44,'1. Concept of Basic Electrical and Electronics Engineering',1);
INSERT INTO "website_category" VALUES(45,'2. Digital Logic and Microprocessor',1);
INSERT INTO "website_category" VALUES(46,'3. Programming Language and Its Applications',1);
INSERT INTO "website_category" VALUES(47,'4. Computer Organization and Embedded System',1);
INSERT INTO "website_category" VALUES(48,'5. Concept of Computer Network and Network Security System',1);
INSERT INTO "website_category" VALUES(49,'6. Theory of Computation and Computer Graphics',1);
INSERT INTO "website_category" VALUES(50,'7. Data Structures and Algorithm, Database System and Operating System',1);
INSERT INTO "website_category" VALUES(51,'8. Software Engineering and Object-Oriented Analysis & Design',1);
INSERT INTO "website_category" VALUES(52,'9. Artificial Intelligence and Neural Network',1);
INSERT INTO "website_category" VALUES(53,'10. Project Planning, Design and Implementation',1);
CREATE UNIQUE INDEX "auth_group_permissions_group_id_permission_id_0cd325b0_uniq" ON "auth_group_permissions" ("group_id", "permission_id");
CREATE INDEX IF NOT EXISTS "auth_group_permissions_group_id_b120cbf9" ON "auth_group_permissions" ("group_id");
CREATE INDEX IF NOT EXISTS "auth_group_permissions_permission_id_84c5c92e" ON "auth_group_permissions" ("permission_id");
CREATE UNIQUE INDEX "auth_user_groups_user_id_group_id_94350c0c_uniq" ON "auth_user_groups" ("user_id", "group_id");
CREATE INDEX IF NOT EXISTS "auth_user_groups_user_id_6a12ed8b" ON "auth_user_groups" ("user_id");
CREATE INDEX IF NOT EXISTS "auth_user_groups_group_id_97559544" ON "auth_user_groups" ("group_id");
CREATE UNIQUE INDEX "auth_user_user_permissions_user_id_permission_id_14a6b632_uniq" ON "auth_user_user_permissions" ("user_id", "permission_id");
CREATE INDEX IF NOT EXISTS "auth_user_user_permissions_user_id_a95ead1b" ON "auth_user_user_permissions" ("user_id");
CREATE INDEX IF NOT EXISTS "auth_user_user_permissions_permission_id_1fbb5f2c" ON "auth_user_user_permissions" ("permission_id");
CREATE INDEX IF NOT EXISTS "django_admin_log_content_type_id_c4bce8eb" ON "django_admin_log" ("content_type_id");
CREATE INDEX IF NOT EXISTS "django_admin_log_user_id_c564eba6" ON "django_admin_log" ("user_id");
CREATE UNIQUE INDEX "django_content_type_app_label_model_76bd3d3b_uniq" ON "django_content_type" ("app_label", "model");
CREATE UNIQUE INDEX "auth_permission_content_type_id_codename_01ab375a_uniq" ON "auth_permission" ("content_type_id", "codename");
CREATE INDEX IF NOT EXISTS "auth_permission_content_type_id_2f476e4b" ON "auth_permission" ("content_type_id");
CREATE INDEX IF NOT EXISTS "django_session_expire_date_a5c62663" ON "django_session" ("expire_date");
CREATE INDEX IF NOT EXISTS "website_quiz_course_id_e20b28b8" ON "website_quiz" ("course_id");
CREATE INDEX IF NOT EXISTS "website_question_quiz_id_fe97b76a" ON "website_question" ("quiz_id");
CREATE INDEX IF NOT EXISTS "website_choice_question_id_76086f40" ON "website_choice" ("question_id");
CREATE INDEX IF NOT EXISTS "website_sub_category_category_id_4a80f845" ON "website_sub_category" ("category_id");
CREATE INDEX IF NOT EXISTS "quiz_quesmodel_course_subtitle_id_78319d33" ON "quiz_quesmodel" ("course_subtitle_id");
CREATE INDEX IF NOT EXISTS "website_subject_course_id_07af432f" ON "website_subject" ("course_id");
CREATE INDEX IF NOT EXISTS "website_category_subject_id_4b9afb90" ON "website_category" ("subject_id");
CREATE TABLE IF NOT EXISTS "website_choice" ("id" integer NOT NULL PRIMARY KEY AUTOINCREMENT, "text" varchar(200) NOT NULL, "is_correct" bool NOT NULL, "question_id" bigint NOT NULL REFERENCES "website_question" ("id") DEFERRABLE INITIALLY DEFERRED);
INSERT INTO "website_choice" VALUES(1,'option 1',0,1);
INSERT INTO "website_choice" VALUES(2,'option 2 is correct',1,1);
INSERT INTO "website_choice" VALUES(3,'option 3',0,1);
INSERT INTO "website_choice" VALUES(4,'option 4',0,1);
CREATE UNIQUE INDEX "auth_group_permissions_group_id_permission_id_0cd325b0_uniq" ON "auth_group_permissions" ("group_id", "permission_id");
CREATE INDEX IF NOT EXISTS "auth_group_permissions_group_id_b120cbf9" ON "auth_group_permissions" ("group_id");
CREATE INDEX IF NOT EXISTS "auth_group_permissions_permission_id_84c5c92e" ON "auth_group_permissions" ("permission_id");
CREATE UNIQUE INDEX "auth_user_groups_user_id_group_id_94350c0c_uniq" ON "auth_user_groups" ("user_id", "group_id");
CREATE INDEX IF NOT EXISTS "auth_user_groups_user_id_6a12ed8b" ON "auth_user_groups" ("user_id");
CREATE INDEX IF NOT EXISTS "auth_user_groups_group_id_97559544" ON "auth_user_groups" ("group_id");
CREATE UNIQUE INDEX "auth_user_user_permissions_user_id_permission_id_14a6b632_uniq" ON "auth_user_user_permissions" ("user_id", "permission_id");
CREATE INDEX IF NOT EXISTS "auth_user_user_permissions_user_id_a95ead1b" ON "auth_user_user_permissions" ("user_id");
CREATE INDEX IF NOT EXISTS "auth_user_user_permissions_permission_id_1fbb5f2c" ON "auth_user_user_permissions" ("permission_id");
CREATE INDEX IF NOT EXISTS "django_admin_log_content_type_id_c4bce8eb" ON "django_admin_log" ("content_type_id");
CREATE INDEX IF NOT EXISTS "django_admin_log_user_id_c564eba6" ON "django_admin_log" ("user_id");
CREATE UNIQUE INDEX "django_content_type_app_label_model_76bd3d3b_uniq" ON "django_content_type" ("app_label", "model");
CREATE UNIQUE INDEX "auth_permission_content_type_id_codename_01ab375a_uniq" ON "auth_permission" ("content_type_id", "codename");
CREATE INDEX IF NOT EXISTS "auth_permission_content_type_id_2f476e4b" ON "auth_permission" ("content_type_id");
CREATE INDEX IF NOT EXISTS "django_session_expire_date_a5c62663" ON "django_session" ("expire_date");
CREATE INDEX IF NOT EXISTS "website_quiz_course_id_e20b28b8" ON "website_quiz" ("course_id");
CREATE INDEX IF NOT EXISTS "website_question_quiz_id_fe97b76a" ON "website_question" ("quiz_id");
CREATE INDEX IF NOT EXISTS "website_choice_question_id_76086f40" ON "website_choice" ("question_id");
CREATE INDEX IF NOT EXISTS "website_sub_category_category_id_4a80f845" ON "website_sub_category" ("category_id");
CREATE INDEX IF NOT EXISTS "quiz_quesmodel_course_subtitle_id_78319d33" ON "quiz_quesmodel" ("course_subtitle_id");
CREATE INDEX IF NOT EXISTS "website_subject_course_id_07af432f" ON "website_subject" ("course_id");
CREATE INDEX IF NOT EXISTS "website_category_subject_id_4b9afb90" ON "website_category" ("subject_id");
CREATE TABLE IF NOT EXISTS "website_course" ("id" integer NOT NULL PRIMARY KEY AUTOINCREMENT, "name" varchar(100) NOT NULL);
INSERT INTO "website_course" VALUES(1,'Nec');
INSERT INTO "website_course" VALUES(2,'Class 8');
CREATE UNIQUE INDEX "auth_group_permissions_group_id_permission_id_0cd325b0_uniq" ON "auth_group_permissions" ("group_id", "permission_id");
CREATE INDEX IF NOT EXISTS "auth_group_permissions_group_id_b120cbf9" ON "auth_group_permissions" ("group_id");
CREATE INDEX IF NOT EXISTS "auth_group_permissions_permission_id_84c5c92e" ON "auth_group_permissions" ("permission_id");
CREATE UNIQUE INDEX "auth_user_groups_user_id_group_id_94350c0c_uniq" ON "auth_user_groups" ("user_id", "group_id");
CREATE INDEX IF NOT EXISTS "auth_user_groups_user_id_6a12ed8b" ON "auth_user_groups" ("user_id");
CREATE INDEX IF NOT EXISTS "auth_user_groups_group_id_97559544" ON "auth_user_groups" ("group_id");
CREATE UNIQUE INDEX "auth_user_user_permissions_user_id_permission_id_14a6b632_uniq" ON "auth_user_user_permissions" ("user_id", "permission_id");
CREATE INDEX IF NOT EXISTS "auth_user_user_permissions_user_id_a95ead1b" ON "auth_user_user_permissions" ("user_id");
CREATE INDEX IF NOT EXISTS "auth_user_user_permissions_permission_id_1fbb5f2c" ON "auth_user_user_permissions" ("permission_id");
CREATE INDEX IF NOT EXISTS "django_admin_log_content_type_id_c4bce8eb" ON "django_admin_log" ("content_type_id");
CREATE INDEX IF NOT EXISTS "django_admin_log_user_id_c564eba6" ON "django_admin_log" ("user_id");
CREATE UNIQUE INDEX "django_content_type_app_label_model_76bd3d3b_uniq" ON "django_content_type" ("app_label", "model");
CREATE UNIQUE INDEX "auth_permission_content_type_id_codename_01ab375a_uniq" ON "auth_permission" ("content_type_id", "codename");
CREATE INDEX IF NOT EXISTS "auth_permission_content_type_id_2f476e4b" ON "auth_permission" ("content_type_id");
CREATE INDEX IF NOT EXISTS "django_session_expire_date_a5c62663" ON "django_session" ("expire_date");
CREATE INDEX IF NOT EXISTS "website_quiz_course_id_e20b28b8" ON "website_quiz" ("course_id");
CREATE INDEX IF NOT EXISTS "website_question_quiz_id_fe97b76a" ON "website_question" ("quiz_id");
CREATE INDEX IF NOT EXISTS "website_choice_question_id_76086f40" ON "website_choice" ("question_id");
CREATE INDEX IF NOT EXISTS "website_sub_category_category_id_4a80f845" ON "website_sub_category" ("category_id");
CREATE INDEX IF NOT EXISTS "quiz_quesmodel_course_subtitle_id_78319d33" ON "quiz_quesmodel" ("course_subtitle_id");
CREATE INDEX IF NOT EXISTS "website_subject_course_id_07af432f" ON "website_subject" ("course_id");
CREATE INDEX IF NOT EXISTS "website_category_subject_id_4b9afb90" ON "website_category" ("subject_id");
CREATE TABLE IF NOT EXISTS "website_question" ("id" integer NOT NULL PRIMARY KEY AUTOINCREMENT, "text" text NOT NULL, "quiz_id" bigint NOT NULL REFERENCES "website_quiz" ("id") DEFERRABLE INITIALLY DEFERRED);
INSERT INTO "website_question" VALUES(1,'this is  model one questions?',1);
INSERT INTO "website_question" VALUES(2,'This is model 2 questions?',1);
CREATE UNIQUE INDEX "auth_group_permissions_group_id_permission_id_0cd325b0_uniq" ON "auth_group_permissions" ("group_id", "permission_id");
CREATE INDEX IF NOT EXISTS "auth_group_permissions_group_id_b120cbf9" ON "auth_group_permissions" ("group_id");
CREATE INDEX IF NOT EXISTS "auth_group_permissions_permission_id_84c5c92e" ON "auth_group_permissions" ("permission_id");
CREATE UNIQUE INDEX "auth_user_groups_user_id_group_id_94350c0c_uniq" ON "auth_user_groups" ("user_id", "group_id");
CREATE INDEX IF NOT EXISTS "auth_user_groups_user_id_6a12ed8b" ON "auth_user_groups" ("user_id");
CREATE INDEX IF NOT EXISTS "auth_user_groups_group_id_97559544" ON "auth_user_groups" ("group_id");
CREATE UNIQUE INDEX "auth_user_user_permissions_user_id_permission_id_14a6b632_uniq" ON "auth_user_user_permissions" ("user_id", "permission_id");
CREATE INDEX IF NOT EXISTS "auth_user_user_permissions_user_id_a95ead1b" ON "auth_user_user_permissions" ("user_id");
CREATE INDEX IF NOT EXISTS "auth_user_user_permissions_permission_id_1fbb5f2c" ON "auth_user_user_permissions" ("permission_id");
CREATE INDEX IF NOT EXISTS "django_admin_log_content_type_id_c4bce8eb" ON "django_admin_log" ("content_type_id");
CREATE INDEX IF NOT EXISTS "django_admin_log_user_id_c564eba6" ON "django_admin_log" ("user_id");
CREATE UNIQUE INDEX "django_content_type_app_label_model_76bd3d3b_uniq" ON "django_content_type" ("app_label", "model");
CREATE UNIQUE INDEX "auth_permission_content_type_id_codename_01ab375a_uniq" ON "auth_permission" ("content_type_id", "codename");
CREATE INDEX IF NOT EXISTS "auth_permission_content_type_id_2f476e4b" ON "auth_permission" ("content_type_id");
CREATE INDEX IF NOT EXISTS "django_session_expire_date_a5c62663" ON "django_session" ("expire_date");
CREATE INDEX IF NOT EXISTS "website_quiz_course_id_e20b28b8" ON "website_quiz" ("course_id");
CREATE INDEX IF NOT EXISTS "website_question_quiz_id_fe97b76a" ON "website_question" ("quiz_id");
CREATE INDEX IF NOT EXISTS "website_choice_question_id_76086f40" ON "website_choice" ("question_id");
CREATE INDEX IF NOT EXISTS "website_sub_category_category_id_4a80f845" ON "website_sub_category" ("category_id");
CREATE INDEX IF NOT EXISTS "quiz_quesmodel_course_subtitle_id_78319d33" ON "quiz_quesmodel" ("course_subtitle_id");
CREATE INDEX IF NOT EXISTS "website_subject_course_id_07af432f" ON "website_subject" ("course_id");
CREATE INDEX IF NOT EXISTS "website_category_subject_id_4b9afb90" ON "website_category" ("subject_id");
CREATE TABLE IF NOT EXISTS "website_quiz" ("id" integer NOT NULL PRIMARY KEY AUTOINCREMENT, "title" varchar(100) NOT NULL, "public" bool NOT NULL, "description" text NOT NULL, "created_at" datetime NOT NULL, "course_id" bigint NULL REFERENCES "website_course" ("id") DEFERRABLE INITIALLY DEFERRED);
INSERT INTO "website_quiz" VALUES(1,'model 1',0,'helow k lekh ne ho','2023-12-27 16:40:28.681731',1);
CREATE UNIQUE INDEX "auth_group_permissions_group_id_permission_id_0cd325b0_uniq" ON "auth_group_permissions" ("group_id", "permission_id");
CREATE INDEX IF NOT EXISTS "auth_group_permissions_group_id_b120cbf9" ON "auth_group_permissions" ("group_id");
CREATE INDEX IF NOT EXISTS "auth_group_permissions_permission_id_84c5c92e" ON "auth_group_permissions" ("permission_id");
CREATE UNIQUE INDEX "auth_user_groups_user_id_group_id_94350c0c_uniq" ON "auth_user_groups" ("user_id", "group_id");
CREATE INDEX IF NOT EXISTS "auth_user_groups_user_id_6a12ed8b" ON "auth_user_groups" ("user_id");
CREATE INDEX IF NOT EXISTS "auth_user_groups_group_id_97559544" ON "auth_user_groups" ("group_id");
CREATE UNIQUE INDEX "auth_user_user_permissions_user_id_permission_id_14a6b632_uniq" ON "auth_user_user_permissions" ("user_id", "permission_id");
CREATE INDEX IF NOT EXISTS "auth_user_user_permissions_user_id_a95ead1b" ON "auth_user_user_permissions" ("user_id");
CREATE INDEX IF NOT EXISTS "auth_user_user_permissions_permission_id_1fbb5f2c" ON "auth_user_user_permissions" ("permission_id");
CREATE INDEX IF NOT EXISTS "django_admin_log_content_type_id_c4bce8eb" ON "django_admin_log" ("content_type_id");
CREATE INDEX IF NOT EXISTS "django_admin_log_user_id_c564eba6" ON "django_admin_log" ("user_id");
CREATE UNIQUE INDEX "django_content_type_app_label_model_76bd3d3b_uniq" ON "django_content_type" ("app_label", "model");
CREATE UNIQUE INDEX "auth_permission_content_type_id_codename_01ab375a_uniq" ON "auth_permission" ("content_type_id", "codename");
CREATE INDEX IF NOT EXISTS "auth_permission_content_type_id_2f476e4b" ON "auth_permission" ("content_type_id");
CREATE INDEX IF NOT EXISTS "django_session_expire_date_a5c62663" ON "django_session" ("expire_date");
CREATE INDEX IF NOT EXISTS "website_quiz_course_id_e20b28b8" ON "website_quiz" ("course_id");
CREATE INDEX IF NOT EXISTS "website_question_quiz_id_fe97b76a" ON "website_question" ("quiz_id");
CREATE INDEX IF NOT EXISTS "website_choice_question_id_76086f40" ON "website_choice" ("question_id");
CREATE INDEX IF NOT EXISTS "website_sub_category_category_id_4a80f845" ON "website_sub_category" ("category_id");
CREATE INDEX IF NOT EXISTS "quiz_quesmodel_course_subtitle_id_78319d33" ON "quiz_quesmodel" ("course_subtitle_id");
CREATE INDEX IF NOT EXISTS "website_subject_course_id_07af432f" ON "website_subject" ("course_id");
CREATE INDEX IF NOT EXISTS "website_category_subject_id_4b9afb90" ON "website_category" ("subject_id");
CREATE TABLE IF NOT EXISTS "website_sub_category" ("id" integer NOT NULL PRIMARY KEY AUTOINCREMENT, "name" varchar(100) NOT NULL, "more_sub" text NOT NULL, "details" text NULL, "category_id" bigint NULL REFERENCES "website_category" ("id") DEFERRABLE INITIALLY DEFERRED, "image_upload" varchar(100) NOT NULL);
INSERT INTO "website_sub_category" VALUES(242,'1.1 Basic concept','Ohms law, electric voltage current, power and energy, conducting and insulating
materials. Series and parallel electric circuits, start-delta and delta-star conversion, Kirchhoffs law, linear
and non-linear circuit, bilateral and unilateral circuits, active and passive circuits.','<h1 style="text-align: center; line-height: 1.6;" class=""><br></h1><hr><h1 style="text-align: center; line-height: 1.6;" class="">1.1 BASIC CONCEPT</h1><p>Ohm''s law, Ohni''s law, states the relationship between electric current and potential difference. The current that flows through most conductors is directly proportional to the voltage applied to it. Ohm''s law states that the voltage across a conductor is directly proportional to the current flowing through it, provided all physical conditions and temperatures remain constant. Mathematically, this current-voltage relationship is written as V= IR.</p><p> ln the equation, the constant of proportionality, R, is called Resistance and has units of ohms, with the symbol <b style="background-image: none; background-position: initial; background-size: initial; background-repeat: initial; background-attachment: initial; background-origin: initial; background-clip: initial; margin: 0px; padding: 0px; border: 0px; font-variant-numeric: inherit; font-variant-east-asian: inherit; font-variant-alternates: inherit; font-variant-position: inherit; font-stretch: inherit; line-height: inherit; font-family: -apple-system, BlinkMacSystemFont, &quot;Segoe UI&quot;, Roboto, Inter, Helvetica, Arial, sans-serif; font-optical-sizing: inherit; font-kerning: inherit; font-feature-settings: inherit; font-variation-settings: inherit; font-size: 16px; vertical-align: baseline; color: rgb(32, 33, 34);">.</b></p><h3 class=""><b>Electric voltage</b></h3><p>Electric voltage (V) is a measure of the electric potential difference between two points,</p><p>which drives electric current (D) to flow in a conductor.</p><h3 class="">Electric current</h3><p>It is the flow of the clectric charge</p><p>circuit, and is measured in units of</p><p>amperes (A). It represents the rate at which the electric charge flows through a circuit,</p><p>The relationship between volage, current, and resistance (R) in an electrical&nbsp;</p><p>circut</p><p>deseribed by Ohn law:V = IR.</p><h3 class="">Electric power (P)</h3><p>The rate at which energy is transferred in an electrical circuit, measured in watts ()</p><p>Power is calculated as the product of vollage and current in a</p><p>circuit, P = VI.</p><h3 class="">Electric energy (D)</h3><p>The amount of energy transferred in an electrical circuit over a given period of time</p><p>measured in joules (J).</p><p>Energy is calculated as the product of power and time, E = PT.</p><p>Conducting materials</p><p>These are materials that allow clectrie current to flow easily through them due</p><p>their low resistance.</p><p>Examples of conducting materials include metals such as copper and aluminum</p><p>Insulating materials</p><p>These are materials that resist the flow of electric current and do not allow electric</p><p>charge to move easily</p><p>Examples of insulating materials include rubber, plastic, and air . These materials are used</p><p>to electrically separate different components in electrical circuits, prevent short circuits,</p><p>and profect against electrical hazards</p><p>Serial Cireuit</p><p>In a serial circuit, components are connected one after the other in a single path</p><p>The electric current flows through each component in sequence and the same current</p><p>flows through allcomponents</p><p>The voltage across cach component may ''be different.</p><p><br></p><p>Resistance</p><p>The total resistance of a series circuit is equal to the sum of all the individual</p><p>resistances in the circuit</p><p>Rr-RI+R2+R3.</p><p>"</p><p>Current</p><p>The total current ina series circuit S the same the current through any resistance</p><p>of the circuit.</p><p>h=l=2-1....</p><p>Voltare</p><p>The total voltage ina series circuit is equal to the sum ofa all the individual voltage</p><p>drops in the cireuit.</p><p>Er-EI+E2+E3..</p><p>Paral! Cireuit</p><p>In a parallel circuit, components are connected so that they are all connected to the same</p><p>two points in the circuit, usually the positive and negative terminals ofa power supply</p><p>Each component has its own path for the electric current and the same voltage IS applied</p><p>across each component.</p><p>The total current in the circuit is cqual to the sum of the individual curents flowing</p><p>through each component</p><p>Yollace</p><p>Total voltage of a parallel circuit has the same value as the voltage across each</p><p>branch.</p><p>This relationship can be expressed as:</p><p>EI-El=E2-E3..</p><p>Current</p><p>Total current in a parallel circuit is the sum of the individual braneh currents,</p><p>This relationship in a parallel circuit is expressed as.</p><p>The overall resistance is commonly determined using the reciprocal cquation</p><p>VRT- I/RI+I/R2+U/R3</p><p>VS</p><p>Series vs Parallel Circuit Review</p><p>In a series circuit, all components are conected end-to-end, forming a single path for</p><p>current flow</p><p>Ina parallel circuit, all components are connected across each other forming cxactlv</p><p>two</p><p>sets of electrically common points. A "branch in a parallel circuit is a path for electric</p><p>a</p><p>for</p><p>current formed by one of the load components (such as a resistor,</p><p>Star to Delta and Delta to Star Conversion</p><p>S</p><p>The conversion transformation or replacement ofthe star connected load r network toa</p><p>Delta connected network and similarly, a delta connected network to a star network is</p><p>done by Star to Delta or Delta to Star Conversion</p><p>Star to Delta Conversion</p><p>De</p><p>In star to delta conversion, the star-connected load is to be converted into delta</p><p>connection,</p><p>Suppose we have a star connected load as shown in the figure above, and it has to be</p><p>converted into a delta connection as shown in figure B</p><p>The following Delta values are as fnillows</p><p>Tr</p><p>ZA</p><p>Hence, ifthe values ofZ4, ZB and ZC are known, therefore by knowing these values and</p><p>by puting them in the above equations, you can convert a star connection into a delta</p><p>connection.</p><p><br></p><p>&nbsp;Star Conversion</p><p>Delta to Star Transformation</p><p>Similarly, a delta connection network given as shown above, in figure B and it has to</p><p>he transformed into a star connection, as shown above, in the figure A.</p><p>The following formulas giver halow are used for the conversion</p><p>IS</p><p>L</p><p>Zi+7+7</p><p>Li+7.</p><p>N</p><p>ZiZ,</p><p>Zc</p><p>If the values of Z1, Z2 and Z3 are given, then by putting these values of the Impedances</p><p>in the above equations, the conversion of delta connection into star connection can be</p><p>performed.</p><p>Kirchhoffs Laws</p><p>Law that deal with the conservation of current and energy within electrical circuits</p><p>These two laws are commonly known as Kirchhoffs Voltage and Current Law</p><p>These laws help calculate the electrical resistance of a complex network or impedance in</p><p>the case of AC and the current flow in different network streams</p><p>Kirchhoffs First Law or Kirchhoff''s Current Law</p><p>According to Kirchhoff''s Current Law, the total current entering a junction or a node is</p><p>equal to the charge leaving the node as no charge is lost.</p><p>Currents</p><p>in</p><p>Node</p><p>Currents entering the node equals</p><p>current leaving the node</p><p>In the above figure, the currents 11, 12 and 13 entering the node is considered positive</p><p>Non-</p><p>likewise, the currents 14 and 15 exiting the nodes is considered negative in values.</p><p>is</p><p>This can be expressed in the form of an cquation</p><p>11+12+13-14-15-0</p><p>A node refers to a junction connecting two or more current-carrying routes like cables</p><p>and other components.</p><p>Kirchhoff''s current law can also be applied to analyses parallel circuits,</p><p>KirchhoTP''s Second Law or Kirchhoff''s Voltage Law</p><p>According to Kirchhof"''s Voltage Law, the voltage around a loop equals the sum of</p><p>every voltage drop in the same loop for any closed network and cquals zero.</p><p>Elen</p><p>The sum of allthe voltage drops around the loop</p><p>S equal to zero</p><p>VBC X Vo + VDA</p><p>VAB +</p><p>When you begin at any point of the loop and continue in the same direction, note the</p><p>voltage drops in all the negative or positive directions and returns to the same point,</p><p>It is essential to maintain the direction either counter clock wise or clockwise; otherwise,</p><p>the final voltage value will not be zero</p><p>The voltage law can also be applied in analyzing circuits in series.</p><p>Linear Circuits</p><p>Simply we can say that the linear circuit is an electric circuit and the parameters of this</p><p>circuit are resistance, capacitance, inductance and etc, are constant.</p><p>Parameters of the cireuits are not changed with respect to the voltage and current</p><p>is called the linear circuit</p><p>Non-Linear Circuits</p><p>The non-linear circuit is also an electrie cireuit and the parameters of this circuit</p><p>differ with respect to the current and the vollage,</p><p>The parameters like waveforms, resistance, inductance and etc. are not constant is called</p><p>as Non- linear circuit,</p><p>10kn</p><p>Elements of Linear and Non-Linear Cireuit</p><p>In the non-linear circuit, the non-linear elements are an electrical element and it will not</p><p>have any linear relationship between the current &amp; voltage.</p><p>The example of the nonlinear element is a diode and some of the nonlinear elements are</p><p>not there in the electric circuit is called a linear circuit.</p><p>Some other examples of the non-linear elements are transistors, vacuum tubes, other</p><p>semiconductor devices, iron core inductors, and transformers</p><p>In the linear circuits, the linear element is also an electrical element and there will be a</p><p>linear relationship between the voltage and current.</p><p>The examples of the linear elements are resistor is the most common element, capacitor,</p><p>and air core inductors.</p><p>Examples of Linear circuits of Linear Elements:</p><p>Resistance and resistive circuit, inductor and inductive circuit and capacitor and</p><p>capacitive circuit,</p><p>Examples of Non-Linear Circuits of Nonlinear Elements:</p><p>Diode, transformer, iron core, inductor, transistor.</p><p>Unilateral Circuits and Bilateral Circuits</p><p>Unilateral Circuits</p><p>In unilateral circuits, when the circuit property changes at the same time direction o</p><p>n supply voltage or current also arghanged.</p><p>In other words, the unilateral circuit allows the current flow only in one direction</p><p>The diode rectifier is the main example of the unilateral circuit because it doesn''t perform</p><p>the rectification in both directions of supply,</p><p>In bilateral circuits, when the circuit property didn''t change, tra the change in the</p><p>direction of supply voltage or current takes place.</p><p>In other words, the bilateral circuit allows the current flow in both directions.</p><p>The transmission line is the main example of the bilateral circuit because if you givel</p><p>power supply from any direction, the circuit properties remain constant</p><p>Active Circuits</p><p>These are circuits that have at least one active component, such as a transistor or</p><p>operational amplifier that can amplify the input signal,</p><p>Active components generate an output signal that is larger in amplitude than the input</p><p>signal, and can also change the shape and or firequency of the signal</p><p>In general, active circuits are used in applications where amplification and signal</p><p>processing are required</p><p>Passive Circuits</p><p>These are circuits that consist only of passive components, such as resistors, capacitors.</p><p>and inductors, which do not have the ability to amplify the input signal</p><p>Passive components can only modify the signal by changing its magnitude and''or phase</p><p>Passive circuits are used in applications where signal modification is sufficient.</p><p>Passive circuits are also simpler and more reliable than N actve active cIculits, circuits and typically</p><p>0""0"</p><p>consume less power.</p><p>M-M+2+B3...</p><p>Resistance</p><p>The net resistance of a parallel circuit is always less than any of the individual</p><p>resistance values.</p>',44,'');
INSERT INTO "website_sub_category" VALUES(243,'1.2 Network theorems','Concept of superposition theorems, Thevenin''s
Norton''s theorem, maximum power transfer theorem. R-L, R-C, R-L-C circuits,
resonance in AC series and parallel circuit, active and reactive power','<p>oncept of superposition theorem</p><p>The superposition theorem is a circuit analysis theorem used to solve the network where</p><p>two or more sources are present and connected</p><p>Superposition theorem states the following: "in any linear and bilateral network or</p><p>circuit having multiple independent sources, the response ofan element will be equal</p><p>to the algebraic sum of the responses of that element by considering one source at a</p><p>time.</p><p>To calculate the individual contribution of each source in a circuit, the other source must</p><p>be replaced or removed without affecting the final result</p><p>This is done by replacing the voltage source with a short circuit</p><p>While remov ving a voltage source, its value set to zero.</p><p>When removing a current source, its value is set to infinite,</p><p>a</p><p>This is done by replacing the current source with an open.circuit.</p><p>The superposition theorem is very important in circuit analysis because it converts a</p><p>complex circuit into a Norton or Thevenin equivalent circuit</p><p>Limitations of Superposition Theorem</p><p>The theorem does not apply to non-linear circuits.</p><p>The requisite of linearity indicates that the superposition theorem only applicable to</p><p>determine voltage and current but not power.</p><p>Power dissipation</p><p>nonlinear function that does not algebraically add to an accurate</p><p>total when only one source is considered at a time</p><p>The application Or the superposition theorem requires twoor more. sources in the</p><p>circuit.</p><p>Thevenin''s Theorem Explanation</p><p>Thevenin''s theorem states that it is possible to simplify any lincar circuit, irrespective</p><p>of how complex it is, to an equivalent circuit with a single voltage source and a series</p><p>resistance.</p><p>A Linear networl</p><p>containing</p><p>several emfs and</p><p>resistance</p><p>Thevenin''s theorem can be applied to both AC and DC cireuits.</p><p>But it should be noted that this method can only be applied to AC circuits consisting of</p><p>linear elements like resistors, inductors, capacitors.</p><p>Like Thevenin''s equivalent resistance, Thevenin''s equivalent impedance is obtained by</p><p>replacing all voltage sources with their internal impedances</p><p>Thevenin''s Theorem Procedures</p><p>Find and determine the terminal a-b where the parameter is asked or observed,</p><p>Remove the component at the terminal a-b, make it open circuit at that terminal and</p><p>calculate the voltage across that terminal a-b (Va-Vo-m)</p><p>Ifthere are only independent sources, then the resistance is measured at the terminal a-b</p><p>when all of the sources are turned off and replaced by their inner resistance. We will get</p><p>Thevenin equivalent resistance (Ra</p><p>RaL</p><p>Replace voltage source with short circuit</p><p><br></p><p>Replace current source with open crrcuit</p><p>If there is dependent source, we use cquation below to find the Thevenin equivalent</p><p>resistance,</p><p>Nor</p><p>VI</p><p>Rm</p><p>In order to find the value Isc (short circuit curent), we make terminal a-b short-</p><p>S</p><p>circuited and calculate the current flowing through that terminal (as-Lo),</p><p>Redraw the Thevenin equivalent circuit as a series circuit consists of.</p><p>The removed component we did on Step.(2),</p><p>Thevenin vollage/ open circuit voltage/ a-b voltage (Vm-Voc-Va)</p><p>Thevenin cquivalent resistance (Rm).</p><p>7. Solve the simplified circuit</p><p>Thevenin Theorem Limitations</p><p>Thevenin''s theorem is used only in the analysis of linear circuits</p><p>The power dissipation of the Thevenin cquivalent is not identical to the power dissipation</p><p>of the real system,</p><p>Norton''s Theorem</p><p>This theorem is usefiul for representing the given electric circuit into its equivalent circuit</p><p>in the simplified form.</p><p>2</p><p>Norton''s theorem states that any 2-terminal linear and bilateral network or circuit</p><p>having multiple independent and dependent sources can be represented in a</p><p>simplified equivalent circuit known as Norton''s equivalent circuit</p><p>The theorem is based on the principle of equivalence and is used to simplify the analysis</p><p>of linear circuits</p><p>The current souree (IN) represents the short-circuit current of the network and the</p><p>resistor (RN) represents the equivalent impedance of the network seen from the</p><p>terminals.</p><p>The theorem can also be used for calculating the per formance of power electronic devices</p><p>such as rectifiers, inverters, and DC-DC converters,</p><p>The Norton''s theorem formula is</p><p>RN</p><p>I-IRERN</p><p>V-W/R.R</p><p>R+RN</p><p>VI =Voc</p><p>IN = isc</p><p>Rm - Voc -RN</p><p>Norton''s Theorem Step by Step Procedure</p><p>Find and determine terminal a-b where a parameter is observed.,</p><p>Remove the component on that terminal, make it short</p><p>cireuit to the terminal a-b, and</p><p>calculate the current that point a-b (1s -lu-IN), This is known as I Norton or Norton</p><p>at</p><p>equivalent current</p><p>If allthe sources are independent sources, then find the cquivalent resistance when allthe</p><p>sources are turned off and replaced by their inner resistances (Ra6-RN-RT)</p><p>Independent voltage source is replaced by a short circuit</p><p>Independent current source is replaced by an open circuit</p><p>Ifthere is a dependent source find the Norton cquivalent resistance we</p><p>%</p><p>can use</p><p>R-Loc</p><p>IN</p><p>In order to find the Vos at terminal a-b, make that terminal open circuit and find the voltage</p><p>across that terminal (Vas- Voo).</p><p>Redraw the Norton equivalent circuit consisting of the Norton equivalent current source,</p><p>Norton equivalent resistance, and the component we remove in Step.().</p><p>2</p><p>Vi</p><p>Maximum Power Transfer Theorem</p><p>URA</p><p>Maximum Power Transfer Theorem explains that to generate maximum external power</p><p>through a finite internal resistance (DC network). the resistance of the given load must be</p><p>equal to the resistance of -the-available source.</p><p>In other words, the resistance of the load must be the same as Thevenin ''s equivalent</p><p>resistance.</p><p>produced only if the load</p><p>In the case of AC voltage sources. maximum power</p><p>impedance''s value is equivalent to the complex conjugate of the source impedance</p><p>The maximum power transfer theorem states that, in an electrical circuit, the maximum</p><p>power is transferred firom the source to the load when the load resistance is equall to the</p><p>source resistance_ (impedance), resulting in a transfer efficiency of 100%.</p><p>The formula can be expressed as:</p><p>ZL- ZS</p><p>Where ZL is the load impedance and ZS is the source impedance.</p><p>RC, RL and RLC Circuits</p><p>RC circuit</p><p>The RC circuit (Resistor Capacitor Circuit) will consist of a Capacitor and a Resistor</p><p>connected either in series or parallel to a vollage or current source</p><p>or</p><p>These types of circuits are also called as RC filters or RC networks woTKS since since they they are are most</p><p>commonly used in filtering application s,</p><p>An RC circuit can be used to make some crude filters like low-pass high-pass and Band-</p><p>A first order RC circuit will consist of only one Resistor and one Capacitor,</p><p>RC Cireuit</p><p>The RL Circuit (Resistor Inductor Circuil) will consist ofan Inductor and a Resistor again</p><p>RL circuit</p><p>A series RL circuit will be driven by vollage source and a parallel RL circuit will</p><p>connected cither in scries or parallel,</p><p>driven by a current source</p><p>RL circuit are commonly used i in as passive fillers, a first order RL circuit with only</p><p>one</p><p>inductor and one capacitor.,</p><p>RL Circuit</p><p>RLC Cireuit</p><p>A RLC circuit as the name implies will consist of a Resistor, Capacitor and Inductor</p><p>connected in series or parallel</p><p>The circuit forms an Oscilator circuit which is very commonly used in Radio receivers</p><p>and televisions.</p><p>RLC circuit is also called as series resonance cicuit, oscillating circuit or tuned circuit,</p><p>pplications:</p><p>Communication systems</p><p>. Signal Processing</p><p>Voltage/Current magnification</p><p>Radio wave transmitters</p><p>. Resonamt LC circuit</p><p>RF amplifiers</p><p>.</p><p>Variable tunes circuits</p><p>Oscillator circuits</p><p>Filtering circuits</p><p>esonance Series-Parallel Circuits</p><p>S</p><p>In a series- -parallel circut, resonance occurs when the impedance of the circuit is at a</p><p>minimum, resulting in maximum current flow</p><p>Resonant frequency in a series-parallel circuit is achieved when the reactance of the</p><p>inductors (XL) and the reactance of the capacitors (XC) are equal and opposite, resulting</p><p>in a net zero reactance.</p><p>T this frequency, the total impedance is only resistive, leading to maximum power</p><p>transfer to the load.</p><p>The resonant frequency in a series-parallel circuit can be calculated using the formula:</p><p>fres =1/2TVLC)</p><p>Where L is the total inductance of the circuit and C is the total capacitance of the circuit.</p><p>ctive Power</p><p>The power which is actually consumed or utilized in an AC Circuit is called True</p><p>power or Active power or Real power.</p><p>It is measured in kilowatt (kW) or MW. It is the actual outcomes of the eleetrical</p><p>system which runs the electric circuits or load.</p><p>ctive component of the current</p><p>The current component, which is in phase with the circuit voltage and contributes to the</p><p>active or true power of the circuit, is called an active component or wat-full component</p><p>or in-phase component of the current,</p><p>eactive Power</p><p>The power which flows back and forth that means it moves in both the directions in</p><p>the circuit or reacts upon itself, is called Reactive Power.</p><p>The reactive power is measured in kilo volt- ampere reactive (KV AR) or MV AR.</p><p>eactive component of the current</p><p>circuit</p><p>The current component, which is in quadrature or 90 degrees out of phase to the</p><p>voltage and contributes to the reactive power of the circuit, is called a reactive</p><p>component of the current</p><p><br></p>',44,'');
INSERT INTO "website_sub_category" VALUES(244,'1.3 Alternating current fundamentals','Principle of generation of alternating voltages
and currents their equations and waveforms, average, peak and rms values. Three
phase system.','',44,'');
INSERT INTO "website_sub_category" VALUES(245,'1.4 Semiconductor devices','Semiconductor diode and its characteristics, BJT Configuration and biasing, 
small and large signal model, working principle and application of MOSFET and CMOS.','',44,'');
INSERT INTO "website_sub_category" VALUES(246,'1.5 Signal generator','Basic Principles of Oscillator, RC, LC and Crystal Oscillators Circuits. 
Waveform generator','',44,'');
INSERT INTO "website_sub_category" VALUES(247,'1.6 Amplifiers','Classification of Output Stages, Class A Output Stage, Class B Output Stage, Class AB 
Output Stage, Biasing the Class AB Stage, Power BJTs, Transformer-Coupled Push-Pull Stages, and 
Tuned Amplifiers, op-amps.','',44,'');
INSERT INTO "website_sub_category" VALUES(248,'2.1 Digital logic','Number Systems, Logic Levels, Logic Gates, Boolean algebra, Sum-of-Products 
Method, Product-of-Sums Method, Truth Table to Karnaugh Map.','',45,'');
INSERT INTO "website_sub_category" VALUES(249,'2.2 Combinational and arithmetic circuits','Multiplexetures, Demultiplexetures, Decoder, Encoder, 
Binary Addition, Binary Subtraction, operation on Unsigned and Signed Binary Numbers.','',45,'');
INSERT INTO "website_sub_category" VALUES(250,'2.3 Sequential logic circuit','RS Flip-Flops, Gated Flip-Flops, Edge Triggered Flip-Flops, Mater- Slave 
Flip-Flops. Types of Registers, Applications of Shift Registers, Asynchronous Counters, Synchronous 
Counters.','',45,'');
INSERT INTO "website_sub_category" VALUES(251,'2.4 Microprocessor','Internal Architecture and Features of microprocessor, Assembly Language 
Programming.','',45,'');
INSERT INTO "website_sub_category" VALUES(252,'2.5 Microprocessor system','Memory Device Classification and Hierarchy, Interfacing I/O and Memory 
Parallel Interface. Introduction to Programmable Peripheral Interface (PPI), Serial Interface, Synchronous 
and Asynchronous Transmission, Serial Interface Standards. Introduction to Direct Memory Access 
(DMA) and DMA Controllers.','',45,'');
INSERT INTO "website_sub_category" VALUES(253,'2.6 Interrupt operations','Interrupt, Interrupt Service Routine, and Interrupt Processing.','',45,'');
INSERT INTO "website_sub_category" VALUES(254,'3.1 Introduction to C programming','C Tokens, Operators, Formatted/Unformatted Input/output, 
Control Statements, Looping, User-defined functions, Recursive functions, Array (1-D, 2-D, Multi-
dimensional), and String manipulations.','',46,'');
INSERT INTO "website_sub_category" VALUES(255,'3.2 Pointers, structure and data files in C programming','Pointer Arithmetic, Pointer and array, 
passing pointer to function, Structure vs Union, array of structure, passing structure to function, structure 
and pointer, Input/output operations on files, and Sequential and Random Access to File.','',46,'');
INSERT INTO "website_sub_category" VALUES(256,'3.3 C++ language constructs with objects and classes','Namespace, Function Overloading, Inline 
functions, Default Argument, Pass/Return by reference, introduction to Class and object, Access 
Specifiers, Objects and the Member Access, Defining Member Function, Constructor and its type, and 
Destructor, Dynamic memory allocation for objects and object array, this Pointer, static Data Member and 
static Function, Constant Member Functions and Constant Objects, Friend Function and Friend Classes.','',46,'');
INSERT INTO "website_sub_category" VALUES(257,'3.4 Features of object-oriented programming','Operator overloading (unary, binary), data conversion, 
Inheritance (single, multiple, multilevel, hybrid, multipath), constructor/destructor in single/multilevel 
inheritances.','',46,'');
INSERT INTO "website_sub_category" VALUES(258,'3.5 Pure virtual function and file handling3.6 Generic programming and exception handling','Virtual function, dynamic binding, defining opening and 
closing a file, Input / Output operations on files, Error handling during input/output operations, Stream 
Class Hierarchy for Console Input /Output, Unformatted Input /Output Formatted Input /Output with ios 
Member functions and Flags, Formatting with Manipulators.','',46,'');
INSERT INTO "website_sub_category" VALUES(259,'4.1 Control and central processing units','Control Memory, addressing sequencing, Computer 
configuration, Microinstruction Format, Design of control unit, CPU Structure and Function, Arithmetic 
and logic Unit, Instruction formats, addressing modes, Data transfer and manipulation, RISC and CISC 
Pipelining parallel processing.','',47,'');
INSERT INTO "website_sub_category" VALUES(260,'4.2 Control and central processing units','Arithmetic and Logical operation, The Memory 
Hierarchy, Internal and External memory, Cache memory principles, Elements of Cache design - Cache 
size, Mapping function, Replacement algorithm, write policy, Number of caches, Memory Write Ability 
and Storage Permanence, Composing Memory.','',47,'');
INSERT INTO "website_sub_category" VALUES(261,'4.3 Input-Output organization and multiprocessor','Peripheral devices, I/O modules Input-output 
interface, Modes of transfer Direct Memory access, Characteristics of multiprocessors, Interconnection 
Structure, Inter-processor Communication and synchronization.','',47,'');
INSERT INTO "website_sub_category" VALUES(262,'4.4 Hardware-Software design issues on embedded system','Embedded Systems overview, 
Classification of Embedded Systems. Custom Single-Purpose Processor Design, Optimizing Custom 
Single-Purpose Processors, Basic Architecture, Operation and Programmers View, Development 
Environment. Application-Specific Instruction-Set Processors.','',47,'');
INSERT INTO "website_sub_category" VALUES(263,'4.5 Real-Time operating and control system','Operating System Basics, Task, Process, and Threads, 
Multiprocessing and Multitasking, Task Scheduling, Task Synchronization, Device Drivers, Open-loop 
and Close-Loop control System overview, Control','',47,'');
INSERT INTO "website_sub_category" VALUES(264,'4.6 Hardware descripts language and IC technology','','',47,'');
INSERT INTO "website_sub_category" VALUES(265,'5.1  Introduction to computer networks and physical layer','Networking model, Protocols and 
Standards, OSI model and TCP/IP model, Networking Devices (Hubs, Bridges, Switches, and Routers) 
and Transmission media','',48,'');
INSERT INTO "website_sub_category" VALUES(266,'5.2 Data link layer','Services, Error Detection and Corrections, Flow Control, Data Link Protocol, 
Multiple access protocols, LAN addressing and ARP (Address Resolution Protocol), Ethernet, IEEE 
802.3(Ethernet), 802.4(Token Bus), 802.5(Token Ring), CSMA/CD, Wireless LANs, PPP (Point to Point 
Protocol), Wide area protocols.','',48,'');
INSERT INTO "website_sub_category" VALUES(267,'5.3 Network layer','Addressing (Internet address, classful address), Subnetting, Routing Protocols (RIP, 
OSPF, BGP, Unicast and multicast routing protocols), Routing algorithms (shortest path algorithm, 
flooding, distance vector routing, link state routing) Routing Protocols (ARP, RARP, IP, ICMP), and 
IPv6 (Packet formats, Extension headers, Transition from IPv4 to IPv6, and Multicasting).','',48,'');
INSERT INTO "website_sub_category" VALUES(268,'5.4 Transport layer','The transport service, Transport protocols, Port and Socket, Connection 
establishment & Connection release, Flow control & buffering, Multiplexing & de-multiplexing, 
Congestion control algorithm','',48,'');
INSERT INTO "website_sub_category" VALUES(269,'5.5 Application layer','Web (HTTP & HTTPS), File Transfer (FTP, PuTTY, Win SCP), Electronic Mail, 
DNS, P2P Applications, Socket Programming, Application server concept, and Concept of traffic 
analyzer (MRTG, PRTG, SNMP, Packet tracer, Wireshark).','',48,'');
INSERT INTO "website_sub_category" VALUES(270,'5.6 Network security','Types of Computer Security, Types of Security Attacks, Principles of 
cryptography, RSA Algorithm, Digital Signatures, securing e-mail (PGP), Securing TCP connections 
(SSL), Network layer security (IPsec, VPN), Securing wireless LANs (WEP), Firewalls.','',48,'');
INSERT INTO "website_sub_category" VALUES(271,'6.1 Introduction to finite automata','Introduction to Finite Automata and Finite State Machine, 
Equivalence of DFA and NDFA, Minimization of Finite State Machines, Regular Expressions, 
Equivalence of Regular Expression and Finite Automata, Pumping lemma for regular language.','',49,'');
INSERT INTO "website_sub_category" VALUES(272,'6.2 Introduction to context free language','Introduction to Context Free Grammar (CFG), Derivative 
trees (Bottom-up and Top-down approach, Leftmost and Rightmost, Language of a grammar), Parse tree 
and its construction, Ambiguous grammar, Chomsky Normal Form (CNF), Greibach Normal Form 
(GNF), Backus-Naur Form (BNF), Push down automata, Equivalence of context free language and PDA, 
Pumping lemma for context free language, and Properties of context free Language.','',49,'');
INSERT INTO "website_sub_category" VALUES(273,'6.3 Turing machine','Introduction to Turing Machines (TM), Notations of Turing Machine, Acceptance 
of a string by a Turing Machines, Turing Machine as a Language Recognizer, Turing Machine as a 
Computing Function, Turing Machine as a enumerator of stings of a language, Turing Machine with 
Multiple Tracks, Turing Machine with Multiple Tapes, Non-Deterministic Turing Machines, Curch 
Turing Thesis, Universal Turing Machine for encoding of Turing Machine, Computational Complexity, 
Time and Space complexity of A Turing Machine, Intractability, Reducibility.','',49,'');
INSERT INTO "website_sub_category" VALUES(274,'6.4 Introduction of computer graphics','Overview of Computer Graphics, Graphics Hardware (Display 
Technology, Architecture of Raster-Scan Displays, Vector Displays, Display Processors, output device 
and Input Devices), Graphics Software and Software standards.','',49,'');
INSERT INTO "website_sub_category" VALUES(275,'6.5 Two-dimensional transformation','Two-dimensional translation, rotation, scaling, reflection, shear 
transformation, 2D composite transformation, 2D viewing pipeline, world to screen viewing 
transformation and clipping (Cohen Sutherland line clipping, Liang-Barsky Line Clipping)','',49,'');
INSERT INTO "website_sub_category" VALUES(276,'6.6 Three-dimensional transformation','Three-dimensional translation, rotation, scaling, reflection, 
shear transformation, 3D composite transformation, 3D viewing pipeline, projection concepts 
(Orthographic, parallel, perspective projection)','',49,'');
INSERT INTO "website_sub_category" VALUES(277,'7.1 Introduction to data structure, list, linked lists and trees','data types, data structures and abstract 
data types; time and space analysis of algorithms (Big oh, omega and theta notations), Linear data 
structure (Stack and queue implementation); Stack application: infix to postfix conversion, and evaluation 
of postfix expression, Array implementation of lists; Stack and Queues as list; and Static list structure, 
Static and dynamic list structure; Dynamic implementation of linked list; Types of Linked list: Singly 
Linked list, Doubly Linked list, and Circular Linked list; Basic operations on Linked list: creation of 
linked list, insertion of node in different positions, and deletion of nodes from different positions; Doubly 
linked lists and its applications, Concept of Tree, Operation in Binary tree, Tree search, 
insertion/deletions in Binary Tree, Tree traversals (pre-order, post-order and in-order), Height, level and 
depth of a tree, AVL balanced trees.','',50,'');
INSERT INTO "website_sub_category" VALUES(278,'7.2 Sorting, searching, and graphs','types of sorting: internal and external; Insertion and selection sort; 
Exchange sort; Merge and Redix sort; Shell sort; Heap sort as a priority queue; Big O notation and 
Efficiency of sorting; Search technique; Sequential search, Binary search and Tree search; General search 
tree; Hashing: Hash function and hash tables, and Collision resolution technique, Undirected and Directed 
Graphs, Representation of Graph, Transitive closure of graph, Warshalls algorithm, Depth First Traversal 
and Breadth First Traversal of Graph, Topological sorting (Depth first, Breadth first topological sorting), 
Minimum spanning trees ( Prims, Kruskals and Round- Robin algorithms), Shortest-path algorithm 
(Greedy algorithm, and Dijkstras Algorithm)','',50,'');
INSERT INTO "website_sub_category" VALUES(279,'7.3 Introduction to data models, normalization, and SQL','Data Abstraction and Data Independence, 
Schema and Instances, E-R Model, Strong and Weak Entity Sets, Attributes and Keys, and E-R Diagram, 
Different Normal Forms (1st, 2nd, 3rd, BCNF), Functional Dependencies, Integrity Constraints and 
Domain Constraints, Relations (Joined, Derived), Queries under DDL and DML Commands, Views, 
Assertions and Triggering, Relational Algebra, Query Cost Estimation, Query Operations, Evaluation of 
Expressions, Query Optimization, and Query Decomposition.','',50,'');
INSERT INTO "website_sub_category" VALUES(280,'7.4 Transaction processing, concurrency control and crash recovery','ACID properties, Concurrent 
Executions, Serializability Concept, Lock based Protocols, Deadlock handling and Prevention, Failure 
Classification, Recovery and Atomicity, and Log-based Recovery','',50,'');
INSERT INTO "website_sub_category" VALUES(281,'7.5 Introduction to Operating System and process management','Evolution of Operating System, 
Type of Operating System, Operating System Components, Operating System Structure, Operating 
System Services, Introduction to Process, Process description, Process states, Process control, Threads, 
Processes and Threads, and Types of scheduling, Principles of Concurrency, Critical Region, Race 
Condition, Mutual Exclusion, Semaphores and Mutex, Message Passing, Monitors, and Classical 
Problems of Synchronization.','',50,'');
INSERT INTO "website_sub_category" VALUES(282,'7.6 Memory management, file systems and system administration','Memory address, Swapping and 
Managing Free Memory Space, Virtual Memory Management, Demand Paging, Performance, and Page 
Replacement Algorithms, introduction to File, Directory and File Paths, File System Implementation, 
Impact of Allocation Policy on Fragmentation, Mapping File Blocks on The Disk Platter, File System 
Performance, Administration Tasks, User Account Management, Start and Shutdown Procedures.','',50,'');
INSERT INTO "website_sub_category" VALUES(283,'8.1 Software process and requirements','Software characteristics, Software quality attributes, Software 
process model (Agile Model, V-Model, Iterative Model, Prototype Model, and Big Bang Model), 
Computer-aided software engineering, Functional and non functional requirements, User requirements, 
System requirement, Interface specification, The software requirements documents, Requirements
elicitation and analysis, and Requirements validation and management.','',51,'');
INSERT INTO "website_sub_category" VALUES(284,'8.2 Software design','Design process, Design Concepts, Design Mode, Design Heuristic, Architectural design decisions, System organization, Modular decomposition styles, Control styles, Reference 
architectures, Multiprocessor architecture, Client server architectures, Distributed object architectures, 
Inter-organizational distributed computing, Real time software design, and Component-based software 
engineering.','',51,'');
INSERT INTO "website_sub_category" VALUES(285,'8.3 Software testing, cost estimation, quality management, and configuration management','Unit 
Testing, Integration testing, System testing, Component testing, Acceptance Testing, Test case design, 
Test automation, Metrics for testing, Algorithmic cost modeling, Project duration and staffing, Software 
quality assurance, Formal technical reviews, Formal approaches to SQA, Statistical software quality 
assurance, A framework for software metrics, Matrices for analysis and design model, ISO standards, 
CMMI, SQA plan, Configuration management planning, Change management, Version and release 
management, and CASE tools for configuration management.','',51,'');
INSERT INTO "website_sub_category" VALUES(286,'8.4 Object-oriented fundamentals and analysis','Defining Models, Requirement Process, Use Cases, 
Object Oriented Development Cycle, Unified Modeling Language, Building Conceptual Model, Adding 
Associations and Attributes, and Representation of System Behavior.','',51,'');
INSERT INTO "website_sub_category" VALUES(287,'8.5 Object-oriented design','Analysis to Design, Describing and Elaborating Use Cases, Collaboration 
Diagram, Objects and Patterns, Determining Visibility, and Class Diagram.','',51,'');
INSERT INTO "website_sub_category" VALUES(288,'8.6 Object-oriented design implementation','Programming and Development Process, Mapping Design 
to Code, Creating Class Definitions, from Design Class Diagrams, Creating Methods from Collaboration 
Diagram, Updating Class Definitions, Classes in Code, and Exception and Error Handling.','',51,'');
INSERT INTO "website_sub_category" VALUES(289,'9.1 Introduction to AI and intelligent agent','Concept of Artificial Intelligence, AI Perspectives, History 
of AI, Applications of AI, Foundations of AI, Introduction of agents, Structure of Intelligent agent, 
Properties of Intelligent Agents, PEAS description of Agents, Types of Agents: Simple Reflexive, Model 
Based, Goal Based, Utility Based; and Environment Types: Deterministic, Stochastic, Static, Dynamic, 
Observable, Semi-observable, Single Agent, Multi Agent.','',52,'');
INSERT INTO "website_sub_category" VALUES(290,'9.2 Problem solving and searching techniques','','',52,'');
INSERT INTO "website_sub_category" VALUES(291,'9.3 Knowledge representation','','',52,'');
INSERT INTO "website_sub_category" VALUES(292,'9.4 Expert system and natural language processing','','',52,'');
INSERT INTO "website_sub_category" VALUES(293,'9.5 Machine learning','','',52,'');
INSERT INTO "website_sub_category" VALUES(294,'9.6  Neural networks','','',52,'');
INSERT INTO "website_sub_category" VALUES(295,'10.1 Engineering drawings and its concepts','','',53,'');
INSERT INTO "website_sub_category" VALUES(296,'10.2 Engineering Economics','','',53,'');
INSERT INTO "website_sub_category" VALUES(297,'10.3 Project planning and scheduling','','',53,'');
INSERT INTO "website_sub_category" VALUES(298,'10.4 Project management','','',53,'');
INSERT INTO "website_sub_category" VALUES(299,'10.5 Engineering professional practice','','',53,'');
INSERT INTO "website_sub_category" VALUES(300,'10.6 Engineering Regulatory Body','','',53,'');
INSERT INTO "website_sub_category" VALUES(301,'3.6 Generic programming and exception handling','Function Template, Overloading Function 
Template, Class Template, Function Definition of Class Template, Standard Template Library 
(Containers, Algorithms, Iterators), Exception Handling Constructs (try, catch, throw), Multiple 
Exception Handling, Rethrowing Exception, Catching All Exceptions, Exception with Arguments, 
Exceptions Specification for Function, Handling Uncaught and Unexpected Exceptions.','',46,'');
CREATE UNIQUE INDEX "auth_group_permissions_group_id_permission_id_0cd325b0_uniq" ON "auth_group_permissions" ("group_id", "permission_id");
CREATE INDEX IF NOT EXISTS "auth_group_permissions_group_id_b120cbf9" ON "auth_group_permissions" ("group_id");
CREATE INDEX IF NOT EXISTS "auth_group_permissions_permission_id_84c5c92e" ON "auth_group_permissions" ("permission_id");
CREATE UNIQUE INDEX "auth_user_groups_user_id_group_id_94350c0c_uniq" ON "auth_user_groups" ("user_id", "group_id");
CREATE INDEX IF NOT EXISTS "auth_user_groups_user_id_6a12ed8b" ON "auth_user_groups" ("user_id");
CREATE INDEX IF NOT EXISTS "auth_user_groups_group_id_97559544" ON "auth_user_groups" ("group_id");
CREATE UNIQUE INDEX "auth_user_user_permissions_user_id_permission_id_14a6b632_uniq" ON "auth_user_user_permissions" ("user_id", "permission_id");
CREATE INDEX IF NOT EXISTS "auth_user_user_permissions_user_id_a95ead1b" ON "auth_user_user_permissions" ("user_id");
CREATE INDEX IF NOT EXISTS "auth_user_user_permissions_permission_id_1fbb5f2c" ON "auth_user_user_permissions" ("permission_id");
CREATE INDEX IF NOT EXISTS "django_admin_log_content_type_id_c4bce8eb" ON "django_admin_log" ("content_type_id");
CREATE INDEX IF NOT EXISTS "django_admin_log_user_id_c564eba6" ON "django_admin_log" ("user_id");
CREATE UNIQUE INDEX "django_content_type_app_label_model_76bd3d3b_uniq" ON "django_content_type" ("app_label", "model");
CREATE UNIQUE INDEX "auth_permission_content_type_id_codename_01ab375a_uniq" ON "auth_permission" ("content_type_id", "codename");
CREATE INDEX IF NOT EXISTS "auth_permission_content_type_id_2f476e4b" ON "auth_permission" ("content_type_id");
CREATE INDEX IF NOT EXISTS "django_session_expire_date_a5c62663" ON "django_session" ("expire_date");
CREATE INDEX IF NOT EXISTS "website_quiz_course_id_e20b28b8" ON "website_quiz" ("course_id");
CREATE INDEX IF NOT EXISTS "website_question_quiz_id_fe97b76a" ON "website_question" ("quiz_id");
CREATE INDEX IF NOT EXISTS "website_choice_question_id_76086f40" ON "website_choice" ("question_id");
CREATE INDEX IF NOT EXISTS "website_sub_category_category_id_4a80f845" ON "website_sub_category" ("category_id");
CREATE INDEX IF NOT EXISTS "quiz_quesmodel_course_subtitle_id_78319d33" ON "quiz_quesmodel" ("course_subtitle_id");
CREATE INDEX IF NOT EXISTS "website_subject_course_id_07af432f" ON "website_subject" ("course_id");
CREATE INDEX IF NOT EXISTS "website_category_subject_id_4b9afb90" ON "website_category" ("subject_id");
CREATE TABLE IF NOT EXISTS "website_subject" ("id" integer NOT NULL PRIMARY KEY AUTOINCREMENT, "name" varchar(100) NOT NULL, "course_id" bigint NULL REFERENCES "website_course" ("id") DEFERRABLE INITIALLY DEFERRED);
INSERT INTO "website_subject" VALUES(1,'Computer Engineering',1);
INSERT INTO "website_subject" VALUES(2,'Civil',1);
INSERT INTO "website_subject" VALUES(3,'Electronic and Electrical Engineering',1);
CREATE UNIQUE INDEX "auth_group_permissions_group_id_permission_id_0cd325b0_uniq" ON "auth_group_permissions" ("group_id", "permission_id");
CREATE INDEX IF NOT EXISTS "auth_group_permissions_group_id_b120cbf9" ON "auth_group_permissions" ("group_id");
CREATE INDEX IF NOT EXISTS "auth_group_permissions_permission_id_84c5c92e" ON "auth_group_permissions" ("permission_id");
CREATE UNIQUE INDEX "auth_user_groups_user_id_group_id_94350c0c_uniq" ON "auth_user_groups" ("user_id", "group_id");
CREATE INDEX IF NOT EXISTS "auth_user_groups_user_id_6a12ed8b" ON "auth_user_groups" ("user_id");
CREATE INDEX IF NOT EXISTS "auth_user_groups_group_id_97559544" ON "auth_user_groups" ("group_id");
CREATE UNIQUE INDEX "auth_user_user_permissions_user_id_permission_id_14a6b632_uniq" ON "auth_user_user_permissions" ("user_id", "permission_id");
CREATE INDEX IF NOT EXISTS "auth_user_user_permissions_user_id_a95ead1b" ON "auth_user_user_permissions" ("user_id");
CREATE INDEX IF NOT EXISTS "auth_user_user_permissions_permission_id_1fbb5f2c" ON "auth_user_user_permissions" ("permission_id");
CREATE INDEX IF NOT EXISTS "django_admin_log_content_type_id_c4bce8eb" ON "django_admin_log" ("content_type_id");
CREATE INDEX IF NOT EXISTS "django_admin_log_user_id_c564eba6" ON "django_admin_log" ("user_id");
CREATE UNIQUE INDEX "django_content_type_app_label_model_76bd3d3b_uniq" ON "django_content_type" ("app_label", "model");
CREATE UNIQUE INDEX "auth_permission_content_type_id_codename_01ab375a_uniq" ON "auth_permission" ("content_type_id", "codename");
CREATE INDEX IF NOT EXISTS "auth_permission_content_type_id_2f476e4b" ON "auth_permission" ("content_type_id");
CREATE INDEX IF NOT EXISTS "django_session_expire_date_a5c62663" ON "django_session" ("expire_date");
CREATE INDEX IF NOT EXISTS "website_quiz_course_id_e20b28b8" ON "website_quiz" ("course_id");
CREATE INDEX IF NOT EXISTS "website_question_quiz_id_fe97b76a" ON "website_question" ("quiz_id");
CREATE INDEX IF NOT EXISTS "website_choice_question_id_76086f40" ON "website_choice" ("question_id");
CREATE INDEX IF NOT EXISTS "website_sub_category_category_id_4a80f845" ON "website_sub_category" ("category_id");
CREATE INDEX IF NOT EXISTS "quiz_quesmodel_course_subtitle_id_78319d33" ON "quiz_quesmodel" ("course_subtitle_id");
CREATE INDEX IF NOT EXISTS "website_subject_course_id_07af432f" ON "website_subject" ("course_id");
CREATE INDEX IF NOT EXISTS "website_category_subject_id_4b9afb90" ON "website_category" ("subject_id");
